id;name;created_by;treatment_plan_id
1;General TreatmentTask;system;1
2;General TreatmentTask;system;2
3;General TreatmentTask;system;3
4;General TreatmentTask;system;4
5;General TreatmentTask;system;5
6;General TreatmentTask;system;6
7;General TreatmentTask;system;7
8;General TreatmentTask;system;8
9;General TreatmentTask;system;9
10;General TreatmentTask;system;10
11;General TreatmentTask;system;11
12;General TreatmentTask;system;12
13;General TreatmentTask;system;13
14;General TreatmentTask;system;14
15;General TreatmentTask;system;15
16;General TreatmentTask;system;16
17;General TreatmentTask;system;17
18;General TreatmentTask;system;18
19;General TreatmentTask;system;19
20;General TreatmentTask;system;20
21;General TreatmentTask;system;21
22;General TreatmentTask;system;22
23;General TreatmentTask;system;23
24;General TreatmentTask;system;24
25;General TreatmentTask;system;25
26;General TreatmentTask;system;26
27;General TreatmentTask;system;27
28;General TreatmentTask;system;28
29;General TreatmentTask;system;29
30;General TreatmentTask;system;30
31;General TreatmentTask;system;31
32;General TreatmentTask;system;32
33;General TreatmentTask;system;33
34;General TreatmentTask;system;34
35;General TreatmentTask;system;35
36;General TreatmentTask;system;36
37;General TreatmentTask;system;37
38;General TreatmentTask;system;38
39;General TreatmentTask;system;39
40;General TreatmentTask;system;40
41;General TreatmentTask;system;41
42;General TreatmentTask;system;42
43;General TreatmentTask;system;43
44;General TreatmentTask;system;44
45;General TreatmentTask;system;45
46;General TreatmentTask;system;46
47;General TreatmentTask;system;47
48;General TreatmentTask;system;48
49;General TreatmentTask;system;49
50;General TreatmentTask;system;50
51;General TreatmentTask;system;51
52;General TreatmentTask;system;52
53;General TreatmentTask;system;53
54;General TreatmentTask;system;54
55;General TreatmentTask;system;55
56;General TreatmentTask;system;56
57;General TreatmentTask;system;57
58;General TreatmentTask;system;58
59;General TreatmentTask;system;59
60;General TreatmentTask;system;60
61;General TreatmentTask;system;61
62;General TreatmentTask;system;62
63;General TreatmentTask;system;63
64;General TreatmentTask;system;64
65;General TreatmentTask;system;65
66;General TreatmentTask;system;66
67;General TreatmentTask;system;67
68;General TreatmentTask;system;68
69;General TreatmentTask;system;69
70;General TreatmentTask;system;70
71;General TreatmentTask;system;71
72;General TreatmentTask;system;72
73;General TreatmentTask;system;73
74;General TreatmentTask;system;74
75;General TreatmentTask;system;75
76;General TreatmentTask;system;76
77;General TreatmentTask;system;77
78;General TreatmentTask;system;78
79;General TreatmentTask;system;79
80;General TreatmentTask;system;80
81;General TreatmentTask;system;81
82;General TreatmentTask;system;82
83;General TreatmentTask;system;83
84;General TreatmentTask;system;84
85;General TreatmentTask;system;85
86;General TreatmentTask;system;86
87;General TreatmentTask;system;87
88;General TreatmentTask;system;88
89;General TreatmentTask;system;89
90;General TreatmentTask;system;90
91;General TreatmentTask;system;91
92;General TreatmentTask;system;92
93;General TreatmentTask;system;93
94;General TreatmentTask;system;94
95;General TreatmentTask;system;95
96;General TreatmentTask;system;96
97;General TreatmentTask;system;97
98;General TreatmentTask;system;98
99;General TreatmentTask;system;99
100;General TreatmentTask;system;100
101;General TreatmentTask;system;101
102;General TreatmentTask;system;102
103;General TreatmentTask;system;103
104;General TreatmentTask;system;104
105;General TreatmentTask;system;105
106;General TreatmentTask;system;106
107;General TreatmentTask;system;107
108;General TreatmentTask;system;108
109;General TreatmentTask;system;109
110;General TreatmentTask;system;110
111;General TreatmentTask;system;111
112;General TreatmentTask;system;112
113;General TreatmentTask;system;113
114;General TreatmentTask;system;114
115;General TreatmentTask;system;115
116;General TreatmentTask;system;116
117;General TreatmentTask;system;117
118;General TreatmentTask;system;118
119;General TreatmentTask;system;119
120;General TreatmentTask;system;120
121;General TreatmentTask;system;121
122;General TreatmentTask;system;122
123;General TreatmentTask;system;123
124;General TreatmentTask;system;124
125;General TreatmentTask;system;125
126;General TreatmentTask;system;126
127;General TreatmentTask;system;127
128;General TreatmentTask;system;128
129;General TreatmentTask;system;129
130;General TreatmentTask;system;130
131;General TreatmentTask;system;131
132;General TreatmentTask;system;132
133;General TreatmentTask;system;133
134;General TreatmentTask;system;134
135;General TreatmentTask;system;135
136;General TreatmentTask;system;136
137;General TreatmentTask;system;137
138;General TreatmentTask;system;138
139;General TreatmentTask;system;139
140;General TreatmentTask;system;140
141;General TreatmentTask;system;141
142;General TreatmentTask;system;142
143;General TreatmentTask;system;143
144;General TreatmentTask;system;144
145;General TreatmentTask;system;145
146;General TreatmentTask;system;146
147;General TreatmentTask;system;147
148;General TreatmentTask;system;148
149;General TreatmentTask;system;149
150;General TreatmentTask;system;150
151;General TreatmentTask;system;151
152;General TreatmentTask;system;152
153;General TreatmentTask;system;153
154;General TreatmentTask;system;154
155;General TreatmentTask;system;155
156;General TreatmentTask;system;156
157;General TreatmentTask;system;157
158;General TreatmentTask;system;158
159;General TreatmentTask;system;159
160;General TreatmentTask;system;160
161;General TreatmentTask;system;161
162;General TreatmentTask;system;162
163;General TreatmentTask;system;163
164;General TreatmentTask;system;164
165;General TreatmentTask;system;165
166;General TreatmentTask;system;166
167;General TreatmentTask;system;167
168;General TreatmentTask;system;168
169;General TreatmentTask;system;169
170;General TreatmentTask;system;170
171;General TreatmentTask;system;171
172;General TreatmentTask;system;172
173;General TreatmentTask;system;173
174;General TreatmentTask;system;174
175;General TreatmentTask;system;175
176;General TreatmentTask;system;176
177;General TreatmentTask;system;177
178;General TreatmentTask;system;178
179;General TreatmentTask;system;179
180;General TreatmentTask;system;180
181;General TreatmentTask;system;181
182;General TreatmentTask;system;182
183;General TreatmentTask;system;183
184;General TreatmentTask;system;184
185;General TreatmentTask;system;185
186;General TreatmentTask;system;186
187;General TreatmentTask;system;187
188;General TreatmentTask;system;188
189;General TreatmentTask;system;189
190;General TreatmentTask;system;190
191;General TreatmentTask;system;191
192;General TreatmentTask;system;192
193;General TreatmentTask;system;193
194;General TreatmentTask;system;194
195;General TreatmentTask;system;195
196;General TreatmentTask;system;196
197;General TreatmentTask;system;197
198;General TreatmentTask;system;198
199;General TreatmentTask;system;199
200;General TreatmentTask;system;200
201;General TreatmentTask;system;201
202;General TreatmentTask;system;202
203;General TreatmentTask;system;203
204;General TreatmentTask;system;204
205;General TreatmentTask;system;205
206;General TreatmentTask;system;206
207;General TreatmentTask;system;207
208;General TreatmentTask;system;208
209;General TreatmentTask;system;209
210;General TreatmentTask;system;210
211;General TreatmentTask;system;211
212;General TreatmentTask;system;212
213;General TreatmentTask;system;213
214;General TreatmentTask;system;214
215;General TreatmentTask;system;215
216;General TreatmentTask;system;216
217;General TreatmentTask;system;217
218;General TreatmentTask;system;218
219;General TreatmentTask;system;219
220;General TreatmentTask;system;220
221;General TreatmentTask;system;221
222;General TreatmentTask;system;222
223;General TreatmentTask;system;223
224;General TreatmentTask;system;224
225;General TreatmentTask;system;225
226;General TreatmentTask;system;226
227;General TreatmentTask;system;227
228;General TreatmentTask;system;228
229;General TreatmentTask;system;229
230;General TreatmentTask;system;230
231;General TreatmentTask;system;231
232;General TreatmentTask;system;232
233;General TreatmentTask;system;233
234;General TreatmentTask;system;234
235;General TreatmentTask;system;235
236;General TreatmentTask;system;236
237;General TreatmentTask;system;237
238;General TreatmentTask;system;238
239;General TreatmentTask;system;239
240;General TreatmentTask;system;240
241;General TreatmentTask;system;241
242;General TreatmentTask;system;242
243;General TreatmentTask;system;243
244;General TreatmentTask;system;244
245;General TreatmentTask;system;245
246;General TreatmentTask;system;246
247;General TreatmentTask;system;247
248;General TreatmentTask;system;248
249;General TreatmentTask;system;249
250;General TreatmentTask;system;250
251;General TreatmentTask;system;251
252;General TreatmentTask;system;252
253;General TreatmentTask;system;253
254;General TreatmentTask;system;254
255;General TreatmentTask;system;255
256;General TreatmentTask;system;256
257;General TreatmentTask;system;257
258;General TreatmentTask;system;258
259;General TreatmentTask;system;259
260;General TreatmentTask;system;260
261;General TreatmentTask;system;261
262;General TreatmentTask;system;262
263;General TreatmentTask;system;263
264;General TreatmentTask;system;264
265;General TreatmentTask;system;265
266;General TreatmentTask;system;266
267;General TreatmentTask;system;267
268;General TreatmentTask;system;268
269;General TreatmentTask;system;269
270;General TreatmentTask;system;270
271;General TreatmentTask;system;271
272;General TreatmentTask;system;272
273;General TreatmentTask;system;273
274;General TreatmentTask;system;274
275;General TreatmentTask;system;275
276;General TreatmentTask;system;276
277;General TreatmentTask;system;277
278;General TreatmentTask;system;278
279;General TreatmentTask;system;279
280;General TreatmentTask;system;280
281;General TreatmentTask;system;281
282;General TreatmentTask;system;282
283;General TreatmentTask;system;283
284;General TreatmentTask;system;284
285;General TreatmentTask;system;285
286;General TreatmentTask;system;286
287;General TreatmentTask;system;287
288;General TreatmentTask;system;288
289;General TreatmentTask;system;289
290;General TreatmentTask;system;290
291;General TreatmentTask;system;291
292;General TreatmentTask;system;292
293;General TreatmentTask;system;293
294;General TreatmentTask;system;294
295;General TreatmentTask;system;295
296;General TreatmentTask;system;296
297;General TreatmentTask;system;297
298;General TreatmentTask;system;298
299;General TreatmentTask;system;299
300;General TreatmentTask;system;300
301;General TreatmentTask;system;301
302;General TreatmentTask;system;302
303;General TreatmentTask;system;303
304;General TreatmentTask;system;304
305;General TreatmentTask;system;305
306;General TreatmentTask;system;306
307;General TreatmentTask;system;307
308;General TreatmentTask;system;308
309;General TreatmentTask;system;309
310;General TreatmentTask;system;310
311;General TreatmentTask;system;311
312;General TreatmentTask;system;312
313;General TreatmentTask;system;313
314;General TreatmentTask;system;314
315;General TreatmentTask;system;315
316;General TreatmentTask;system;316
317;General TreatmentTask;system;317
318;General TreatmentTask;system;318
319;General TreatmentTask;system;319
320;General TreatmentTask;system;320
321;General TreatmentTask;system;321
322;General TreatmentTask;system;322
323;General TreatmentTask;system;323
324;General TreatmentTask;system;324
325;General TreatmentTask;system;325
326;General TreatmentTask;system;326
327;General TreatmentTask;system;327
328;General TreatmentTask;system;328
329;General TreatmentTask;system;329
330;General TreatmentTask;system;330
331;General TreatmentTask;system;331
332;General TreatmentTask;system;332
333;General TreatmentTask;system;333
334;General TreatmentTask;system;334
335;General TreatmentTask;system;335
336;General TreatmentTask;system;336
337;General TreatmentTask;system;337
338;General TreatmentTask;system;338
339;General TreatmentTask;system;339
340;General TreatmentTask;system;340
341;General TreatmentTask;system;341
342;General TreatmentTask;system;342
343;General TreatmentTask;system;343
344;General TreatmentTask;system;344
345;General TreatmentTask;system;345
346;General TreatmentTask;system;346
347;General TreatmentTask;system;347
348;General TreatmentTask;system;348
349;General TreatmentTask;system;349
350;General TreatmentTask;system;350
351;General TreatmentTask;system;351
352;General TreatmentTask;system;352
353;General TreatmentTask;system;353
354;General TreatmentTask;system;354
355;General TreatmentTask;system;355
356;General TreatmentTask;system;356
357;General TreatmentTask;system;357
358;General TreatmentTask;system;358
359;General TreatmentTask;system;359
360;General TreatmentTask;system;360
361;General TreatmentTask;system;361
362;General TreatmentTask;system;362
363;General TreatmentTask;system;363
364;General TreatmentTask;system;364
365;General TreatmentTask;system;365
366;General TreatmentTask;system;366
367;General TreatmentTask;system;367
368;General TreatmentTask;system;368
369;General TreatmentTask;system;369
370;General TreatmentTask;system;370
371;General TreatmentTask;system;371
372;General TreatmentTask;system;372
373;General TreatmentTask;system;373
374;General TreatmentTask;system;374
375;General TreatmentTask;system;375
376;General TreatmentTask;system;376
377;General TreatmentTask;system;377
378;General TreatmentTask;system;378
379;General TreatmentTask;system;379
380;General TreatmentTask;system;380
381;General TreatmentTask;system;381
382;General TreatmentTask;system;382
383;General TreatmentTask;system;383
384;General TreatmentTask;system;384
385;General TreatmentTask;system;385
386;General TreatmentTask;system;386
387;General TreatmentTask;system;387
388;General TreatmentTask;system;388
389;General TreatmentTask;system;389
390;General TreatmentTask;system;390
391;General TreatmentTask;system;391
392;General TreatmentTask;system;392
393;General TreatmentTask;system;393
394;General TreatmentTask;system;394
395;General TreatmentTask;system;395
396;General TreatmentTask;system;396
397;General TreatmentTask;system;397
398;General TreatmentTask;system;398
399;General TreatmentTask;system;399
400;General TreatmentTask;system;400
401;General TreatmentTask;system;401
402;General TreatmentTask;system;402
403;General TreatmentTask;system;403
404;General TreatmentTask;system;404
405;General TreatmentTask;system;405
406;General TreatmentTask;system;406
407;General TreatmentTask;system;407
408;General TreatmentTask;system;408
409;General TreatmentTask;system;409
410;General TreatmentTask;system;410
411;General TreatmentTask;system;411
412;General TreatmentTask;system;412
413;General TreatmentTask;system;413
414;General TreatmentTask;system;414
415;General TreatmentTask;system;415
416;General TreatmentTask;system;416
417;General TreatmentTask;system;417
418;General TreatmentTask;system;418
419;General TreatmentTask;system;419
420;General TreatmentTask;system;420
421;General TreatmentTask;system;421
422;General TreatmentTask;system;422
423;General TreatmentTask;system;423
424;General TreatmentTask;system;424
425;General TreatmentTask;system;425
426;General TreatmentTask;system;426
427;General TreatmentTask;system;427
428;General TreatmentTask;system;428
429;General TreatmentTask;system;429
430;General TreatmentTask;system;430
431;General TreatmentTask;system;431
432;General TreatmentTask;system;432
433;General TreatmentTask;system;433
434;General TreatmentTask;system;434
435;General TreatmentTask;system;435
436;General TreatmentTask;system;436
437;General TreatmentTask;system;437
438;General TreatmentTask;system;438
439;General TreatmentTask;system;439
440;General TreatmentTask;system;440
441;General TreatmentTask;system;441
442;General TreatmentTask;system;442
443;General TreatmentTask;system;443
444;General TreatmentTask;system;444
445;General TreatmentTask;system;445
446;General TreatmentTask;system;446
447;General TreatmentTask;system;447
448;General TreatmentTask;system;448
449;General TreatmentTask;system;449
450;General TreatmentTask;system;450
451;General TreatmentTask;system;451
452;General TreatmentTask;system;452
453;General TreatmentTask;system;453
454;General TreatmentTask;system;454
455;General TreatmentTask;system;455
456;General TreatmentTask;system;456
457;General TreatmentTask;system;457
458;General TreatmentTask;system;458
459;General TreatmentTask;system;459
460;General TreatmentTask;system;460
461;General TreatmentTask;system;461
462;General TreatmentTask;system;462
463;General TreatmentTask;system;463
464;General TreatmentTask;system;464
465;General TreatmentTask;system;465
466;General TreatmentTask;system;466
467;General TreatmentTask;system;467
468;General TreatmentTask;system;468
469;General TreatmentTask;system;469
470;General TreatmentTask;system;470
471;General TreatmentTask;system;471
472;General TreatmentTask;system;472
473;General TreatmentTask;system;473
474;General TreatmentTask;system;474
475;General TreatmentTask;system;475
476;General TreatmentTask;system;476
477;General TreatmentTask;system;477
478;General TreatmentTask;system;478
479;General TreatmentTask;system;479
480;General TreatmentTask;system;480
481;General TreatmentTask;system;481
482;General TreatmentTask;system;482
483;General TreatmentTask;system;483
484;General TreatmentTask;system;484
485;General TreatmentTask;system;485
486;General TreatmentTask;system;486
487;General TreatmentTask;system;487
488;General TreatmentTask;system;488
489;General TreatmentTask;system;489
490;General TreatmentTask;system;490
491;General TreatmentTask;system;491
492;General TreatmentTask;system;492
493;General TreatmentTask;system;493
494;General TreatmentTask;system;494
495;General TreatmentTask;system;495
496;General TreatmentTask;system;496
497;General TreatmentTask;system;497
498;General TreatmentTask;system;498
499;General TreatmentTask;system;499
500;General TreatmentTask;system;500
501;General TreatmentTask;system;501
502;General TreatmentTask;system;502
503;General TreatmentTask;system;503
504;General TreatmentTask;system;504
505;General TreatmentTask;system;505
506;General TreatmentTask;system;506
507;General TreatmentTask;system;507
508;General TreatmentTask;system;508
509;General TreatmentTask;system;509
510;General TreatmentTask;system;510
511;General TreatmentTask;system;511
512;General TreatmentTask;system;512
513;General TreatmentTask;system;513
514;General TreatmentTask;system;514
515;General TreatmentTask;system;515
516;General TreatmentTask;system;516
517;General TreatmentTask;system;517
518;General TreatmentTask;system;518
519;General TreatmentTask;system;519
520;General TreatmentTask;system;520
521;General TreatmentTask;system;521
522;General TreatmentTask;system;522
523;General TreatmentTask;system;523
524;General TreatmentTask;system;524
525;General TreatmentTask;system;525
526;General TreatmentTask;system;526
527;General TreatmentTask;system;527
528;General TreatmentTask;system;528
529;General TreatmentTask;system;529
530;General TreatmentTask;system;530
531;General TreatmentTask;system;531
532;General TreatmentTask;system;532
533;General TreatmentTask;system;533
534;General TreatmentTask;system;534
535;General TreatmentTask;system;535
536;General TreatmentTask;system;536
537;General TreatmentTask;system;537
538;General TreatmentTask;system;538
539;General TreatmentTask;system;539
540;General TreatmentTask;system;540
541;General TreatmentTask;system;541
542;General TreatmentTask;system;542
543;General TreatmentTask;system;543
544;General TreatmentTask;system;544
545;General TreatmentTask;system;545
546;General TreatmentTask;system;546
547;General TreatmentTask;system;547
548;General TreatmentTask;system;548
549;General TreatmentTask;system;549
550;General TreatmentTask;system;550
551;General TreatmentTask;system;551
552;General TreatmentTask;system;552
553;General TreatmentTask;system;553
554;General TreatmentTask;system;554
555;General TreatmentTask;system;555
556;General TreatmentTask;system;556
557;General TreatmentTask;system;557
558;General TreatmentTask;system;558
559;General TreatmentTask;system;559
560;General TreatmentTask;system;560
561;General TreatmentTask;system;561
562;General TreatmentTask;system;562
563;General TreatmentTask;system;563
564;General TreatmentTask;system;564
565;General TreatmentTask;system;565
566;General TreatmentTask;system;566
567;General TreatmentTask;system;567
568;General TreatmentTask;system;568
569;General TreatmentTask;system;569
570;General TreatmentTask;system;570
571;General TreatmentTask;system;571
572;General TreatmentTask;system;572
573;General TreatmentTask;system;573
574;General TreatmentTask;system;574
575;General TreatmentTask;system;575
576;General TreatmentTask;system;576
577;General TreatmentTask;system;577
578;General TreatmentTask;system;578
579;General TreatmentTask;system;579
580;General TreatmentTask;system;580
581;General TreatmentTask;system;581
582;General TreatmentTask;system;582
583;General TreatmentTask;system;583
584;General TreatmentTask;system;584
585;General TreatmentTask;system;585
586;General TreatmentTask;system;586
587;General TreatmentTask;system;587
588;General TreatmentTask;system;588
589;General TreatmentTask;system;589
590;General TreatmentTask;system;590
591;General TreatmentTask;system;591
592;General TreatmentTask;system;592
593;General TreatmentTask;system;593
594;General TreatmentTask;system;594
595;General TreatmentTask;system;595
596;General TreatmentTask;system;596
597;General TreatmentTask;system;597
598;General TreatmentTask;system;598
599;General TreatmentTask;system;599
600;General TreatmentTask;system;600
601;General TreatmentTask;system;601
602;General TreatmentTask;system;602
603;General TreatmentTask;system;603
604;General TreatmentTask;system;604
605;General TreatmentTask;system;605
606;General TreatmentTask;system;606
607;General TreatmentTask;system;607
608;General TreatmentTask;system;608
609;General TreatmentTask;system;609
610;General TreatmentTask;system;610
611;General TreatmentTask;system;611
612;General TreatmentTask;system;612
613;General TreatmentTask;system;613
614;General TreatmentTask;system;614
615;General TreatmentTask;system;615
616;General TreatmentTask;system;616
617;General TreatmentTask;system;617
618;General TreatmentTask;system;618
619;General TreatmentTask;system;619
620;General TreatmentTask;system;620
621;General TreatmentTask;system;621
622;General TreatmentTask;system;622
623;General TreatmentTask;system;623
624;General TreatmentTask;system;624
625;General TreatmentTask;system;625
626;General TreatmentTask;system;626
627;General TreatmentTask;system;627
628;General TreatmentTask;system;628
629;General TreatmentTask;system;629
630;General TreatmentTask;system;630
631;General TreatmentTask;system;631
632;General TreatmentTask;system;632
633;General TreatmentTask;system;633
634;General TreatmentTask;system;634
635;General TreatmentTask;system;635
636;General TreatmentTask;system;636
637;General TreatmentTask;system;637
638;General TreatmentTask;system;638
639;General TreatmentTask;system;639
640;General TreatmentTask;system;640
641;General TreatmentTask;system;641
642;General TreatmentTask;system;642
643;General TreatmentTask;system;643
644;General TreatmentTask;system;644
645;General TreatmentTask;system;645
646;General TreatmentTask;system;646
647;General TreatmentTask;system;647
648;General TreatmentTask;system;648
649;General TreatmentTask;system;649
650;General TreatmentTask;system;650
651;General TreatmentTask;system;651
652;General TreatmentTask;system;652
653;General TreatmentTask;system;653
654;General TreatmentTask;system;654
655;General TreatmentTask;system;655
656;General TreatmentTask;system;656
657;General TreatmentTask;system;657
658;General TreatmentTask;system;658
659;General TreatmentTask;system;659
660;General TreatmentTask;system;660
661;General TreatmentTask;system;661
662;General TreatmentTask;system;662
663;General TreatmentTask;system;663
664;General TreatmentTask;system;664
665;General TreatmentTask;system;665
666;General TreatmentTask;system;666
667;General TreatmentTask;system;667
668;General TreatmentTask;system;668
669;General TreatmentTask;system;669
670;General TreatmentTask;system;670
671;General TreatmentTask;system;671
672;General TreatmentTask;system;672
673;General TreatmentTask;system;673
674;General TreatmentTask;system;674
675;General TreatmentTask;system;675
676;General TreatmentTask;system;676
677;General TreatmentTask;system;677
678;General TreatmentTask;system;678
679;General TreatmentTask;system;679
680;General TreatmentTask;system;680
681;General TreatmentTask;system;681
682;General TreatmentTask;system;682
683;General TreatmentTask;system;683
684;General TreatmentTask;system;684
685;General TreatmentTask;system;685
686;General TreatmentTask;system;686
687;General TreatmentTask;system;687
688;General TreatmentTask;system;688
689;General TreatmentTask;system;689
690;General TreatmentTask;system;690
691;General TreatmentTask;system;691
692;General TreatmentTask;system;692
693;General TreatmentTask;system;693
694;General TreatmentTask;system;694
695;General TreatmentTask;system;695
696;General TreatmentTask;system;696
697;General TreatmentTask;system;697
698;General TreatmentTask;system;698
699;General TreatmentTask;system;699
700;General TreatmentTask;system;700
701;General TreatmentTask;system;701
702;General TreatmentTask;system;702
703;General TreatmentTask;system;703
704;General TreatmentTask;system;704
705;General TreatmentTask;system;705
706;General TreatmentTask;system;706
707;General TreatmentTask;system;707
708;General TreatmentTask;system;708
709;General TreatmentTask;system;709
710;General TreatmentTask;system;710
711;General TreatmentTask;system;711
712;General TreatmentTask;system;712
713;General TreatmentTask;system;713
714;General TreatmentTask;system;714
715;General TreatmentTask;system;715
716;General TreatmentTask;system;716
717;General TreatmentTask;system;717
718;General TreatmentTask;system;718
719;General TreatmentTask;system;719
720;General TreatmentTask;system;720
721;General TreatmentTask;system;721
722;General TreatmentTask;system;722
723;General TreatmentTask;system;723
724;General TreatmentTask;system;724
725;General TreatmentTask;system;725
726;General TreatmentTask;system;726
727;General TreatmentTask;system;727
728;General TreatmentTask;system;728
729;General TreatmentTask;system;729
730;General TreatmentTask;system;730
731;General TreatmentTask;system;731
732;General TreatmentTask;system;732
733;General TreatmentTask;system;733
734;General TreatmentTask;system;734
735;General TreatmentTask;system;735
736;General TreatmentTask;system;736
737;General TreatmentTask;system;737
738;General TreatmentTask;system;738
739;General TreatmentTask;system;739
740;General TreatmentTask;system;740
741;General TreatmentTask;system;741
742;General TreatmentTask;system;742
743;General TreatmentTask;system;743
744;General TreatmentTask;system;744
745;General TreatmentTask;system;745
746;General TreatmentTask;system;746
747;General TreatmentTask;system;747
748;General TreatmentTask;system;748
749;General TreatmentTask;system;749
750;General TreatmentTask;system;750
751;General TreatmentTask;system;751
752;General TreatmentTask;system;752
753;General TreatmentTask;system;753
754;General TreatmentTask;system;754
755;General TreatmentTask;system;755
756;General TreatmentTask;system;756
757;General TreatmentTask;system;757
758;General TreatmentTask;system;758
759;General TreatmentTask;system;759
760;General TreatmentTask;system;760
761;General TreatmentTask;system;761
762;General TreatmentTask;system;762
763;General TreatmentTask;system;763
764;General TreatmentTask;system;764
765;General TreatmentTask;system;765
766;General TreatmentTask;system;766
767;General TreatmentTask;system;767
768;General TreatmentTask;system;768
769;General TreatmentTask;system;769
770;General TreatmentTask;system;770
771;General TreatmentTask;system;771
772;General TreatmentTask;system;772
773;General TreatmentTask;system;773
774;General TreatmentTask;system;774
775;General TreatmentTask;system;775
776;General TreatmentTask;system;776
777;General TreatmentTask;system;777
778;General TreatmentTask;system;778
779;General TreatmentTask;system;779
780;General TreatmentTask;system;780
781;General TreatmentTask;system;781
782;General TreatmentTask;system;782
783;General TreatmentTask;system;783
784;General TreatmentTask;system;784
785;General TreatmentTask;system;785
786;General TreatmentTask;system;786
787;General TreatmentTask;system;787
788;General TreatmentTask;system;788
789;General TreatmentTask;system;789
790;General TreatmentTask;system;790
791;General TreatmentTask;system;791
792;General TreatmentTask;system;792
793;General TreatmentTask;system;793
794;General TreatmentTask;system;794
795;General TreatmentTask;system;795
796;General TreatmentTask;system;796
797;General TreatmentTask;system;797
798;General TreatmentTask;system;798
799;General TreatmentTask;system;799
800;General TreatmentTask;system;800
801;General TreatmentTask;system;801
802;General TreatmentTask;system;802
803;General TreatmentTask;system;803
804;General TreatmentTask;system;804
805;General TreatmentTask;system;805
806;General TreatmentTask;system;806
807;General TreatmentTask;system;807
808;General TreatmentTask;system;808
809;General TreatmentTask;system;809
810;General TreatmentTask;system;810
811;General TreatmentTask;system;811
812;General TreatmentTask;system;812
813;General TreatmentTask;system;813
814;General TreatmentTask;system;814
815;General TreatmentTask;system;815
816;General TreatmentTask;system;816
817;General TreatmentTask;system;817
818;General TreatmentTask;system;818
819;General TreatmentTask;system;819
820;General TreatmentTask;system;820
821;General TreatmentTask;system;821
822;General TreatmentTask;system;822
823;General TreatmentTask;system;823
824;General TreatmentTask;system;824
825;General TreatmentTask;system;825
826;General TreatmentTask;system;826
827;General TreatmentTask;system;827
828;General TreatmentTask;system;828
829;General TreatmentTask;system;829
830;General TreatmentTask;system;830
831;General TreatmentTask;system;831
832;General TreatmentTask;system;832
833;General TreatmentTask;system;833
834;General TreatmentTask;system;834
835;General TreatmentTask;system;835
836;General TreatmentTask;system;836
837;General TreatmentTask;system;837
838;General TreatmentTask;system;838
839;General TreatmentTask;system;839
840;General TreatmentTask;system;840
841;General TreatmentTask;system;841
842;General TreatmentTask;system;842
843;General TreatmentTask;system;843
844;General TreatmentTask;system;844
845;General TreatmentTask;system;845
846;General TreatmentTask;system;846
847;General TreatmentTask;system;847
848;General TreatmentTask;system;848
849;General TreatmentTask;system;849
850;General TreatmentTask;system;850
851;General TreatmentTask;system;851
852;General TreatmentTask;system;852
853;General TreatmentTask;system;853
854;General TreatmentTask;system;854
855;General TreatmentTask;system;855
856;General TreatmentTask;system;856
857;General TreatmentTask;system;857
858;General TreatmentTask;system;858
859;General TreatmentTask;system;859
860;General TreatmentTask;system;860
861;General TreatmentTask;system;861
862;General TreatmentTask;system;862
863;General TreatmentTask;system;863
864;General TreatmentTask;system;864
865;General TreatmentTask;system;865
866;General TreatmentTask;system;866
867;General TreatmentTask;system;867
868;General TreatmentTask;system;868
869;General TreatmentTask;system;869
870;General TreatmentTask;system;870
871;General TreatmentTask;system;871
872;General TreatmentTask;system;872
873;General TreatmentTask;system;873
874;General TreatmentTask;system;874
875;General TreatmentTask;system;875
876;General TreatmentTask;system;876
877;General TreatmentTask;system;877
878;General TreatmentTask;system;878
879;General TreatmentTask;system;879
880;General TreatmentTask;system;880
881;General TreatmentTask;system;881
882;General TreatmentTask;system;882
883;General TreatmentTask;system;883
884;General TreatmentTask;system;884
885;General TreatmentTask;system;885
886;General TreatmentTask;system;886
887;General TreatmentTask;system;887
888;General TreatmentTask;system;888
889;General TreatmentTask;system;889
890;General TreatmentTask;system;890
891;General TreatmentTask;system;891
892;General TreatmentTask;system;892
893;General TreatmentTask;system;893
894;General TreatmentTask;system;894
895;General TreatmentTask;system;895
896;General TreatmentTask;system;896
897;General TreatmentTask;system;897
898;General TreatmentTask;system;898
899;General TreatmentTask;system;899
900;General TreatmentTask;system;900
901;General TreatmentTask;system;901
902;General TreatmentTask;system;902
903;General TreatmentTask;system;903
904;General TreatmentTask;system;904
905;General TreatmentTask;system;905
906;General TreatmentTask;system;906
907;General TreatmentTask;system;907
908;General TreatmentTask;system;908
909;General TreatmentTask;system;909
910;General TreatmentTask;system;910
911;General TreatmentTask;system;911
912;General TreatmentTask;system;912
913;General TreatmentTask;system;913
914;General TreatmentTask;system;914
915;General TreatmentTask;system;915
916;General TreatmentTask;system;916
917;General TreatmentTask;system;917
918;General TreatmentTask;system;918
919;General TreatmentTask;system;919
920;General TreatmentTask;system;920
921;General TreatmentTask;system;921
922;General TreatmentTask;system;922
923;General TreatmentTask;system;923
924;General TreatmentTask;system;924
925;General TreatmentTask;system;925
926;General TreatmentTask;system;926
927;General TreatmentTask;system;927
928;General TreatmentTask;system;928
929;General TreatmentTask;system;929
930;General TreatmentTask;system;930
931;General TreatmentTask;system;931
932;General TreatmentTask;system;932
933;General TreatmentTask;system;933
934;General TreatmentTask;system;934
935;General TreatmentTask;system;935
936;General TreatmentTask;system;936
937;General TreatmentTask;system;937
938;General TreatmentTask;system;938
939;General TreatmentTask;system;939
940;General TreatmentTask;system;940
941;General TreatmentTask;system;941
942;General TreatmentTask;system;942
943;General TreatmentTask;system;943
944;General TreatmentTask;system;944
945;General TreatmentTask;system;945
946;General TreatmentTask;system;946
947;General TreatmentTask;system;947
948;General TreatmentTask;system;948
949;General TreatmentTask;system;949
950;General TreatmentTask;system;950
951;General TreatmentTask;system;951
952;General TreatmentTask;system;952
953;General TreatmentTask;system;953
954;General TreatmentTask;system;954
955;General TreatmentTask;system;955
956;General TreatmentTask;system;956
957;General TreatmentTask;system;957
958;General TreatmentTask;system;958
959;General TreatmentTask;system;959
960;General TreatmentTask;system;960
961;General TreatmentTask;system;961
962;General TreatmentTask;system;962
963;General TreatmentTask;system;963
964;General TreatmentTask;system;964
965;General TreatmentTask;system;965
966;General TreatmentTask;system;966
967;General TreatmentTask;system;967
968;General TreatmentTask;system;968
969;General TreatmentTask;system;969
970;General TreatmentTask;system;970
971;General TreatmentTask;system;971
972;General TreatmentTask;system;972
973;General TreatmentTask;system;973
974;General TreatmentTask;system;974
975;General TreatmentTask;system;975
976;General TreatmentTask;system;976
977;General TreatmentTask;system;977
978;General TreatmentTask;system;978
979;General TreatmentTask;system;979
980;General TreatmentTask;system;980
981;General TreatmentTask;system;981
982;General TreatmentTask;system;982
983;General TreatmentTask;system;983
984;General TreatmentTask;system;984
985;General TreatmentTask;system;985
986;General TreatmentTask;system;986
987;General TreatmentTask;system;987
988;General TreatmentTask;system;988
989;General TreatmentTask;system;989
990;General TreatmentTask;system;990
991;General TreatmentTask;system;991
992;General TreatmentTask;system;992
993;General TreatmentTask;system;993
994;General TreatmentTask;system;994
995;General TreatmentTask;system;995
996;General TreatmentTask;system;996
997;General TreatmentTask;system;997
998;General TreatmentTask;system;998
999;General TreatmentTask;system;999
1000;General TreatmentTask;system;1000
1001;General TreatmentTask;system;1001
1002;General TreatmentTask;system;1002
1003;General TreatmentTask;system;1003
1004;General TreatmentTask;system;1004
1005;General TreatmentTask;system;1005
1006;General TreatmentTask;system;1006
1007;General TreatmentTask;system;1007
1008;General TreatmentTask;system;1008
1009;General TreatmentTask;system;1009
1010;General TreatmentTask;system;1010
1011;General TreatmentTask;system;1011
1012;General TreatmentTask;system;1012
1013;General TreatmentTask;system;1013
1014;General TreatmentTask;system;1014
1015;General TreatmentTask;system;1015
1016;General TreatmentTask;system;1016
1017;General TreatmentTask;system;1017
1018;General TreatmentTask;system;1018
1019;General TreatmentTask;system;1019
1020;General TreatmentTask;system;1020
1021;General TreatmentTask;system;1021
1022;General TreatmentTask;system;1022
1023;General TreatmentTask;system;1023
1024;General TreatmentTask;system;1024
1025;General TreatmentTask;system;1025
1026;General TreatmentTask;system;1026
1027;General TreatmentTask;system;1027
1028;General TreatmentTask;system;1028
1029;General TreatmentTask;system;1029
1030;General TreatmentTask;system;1030
1031;General TreatmentTask;system;1031
1032;General TreatmentTask;system;1032
1033;General TreatmentTask;system;1033
1034;General TreatmentTask;system;1034
1035;General TreatmentTask;system;1035
1036;General TreatmentTask;system;1036
1037;General TreatmentTask;system;1037
1038;General TreatmentTask;system;1038
1039;General TreatmentTask;system;1039
1040;General TreatmentTask;system;1040
1041;General TreatmentTask;system;1041
1042;General TreatmentTask;system;1042
1043;General TreatmentTask;system;1043
1044;General TreatmentTask;system;1044
1045;General TreatmentTask;system;1045
1046;General TreatmentTask;system;1046
1047;General TreatmentTask;system;1047
1048;General TreatmentTask;system;1048
1049;General TreatmentTask;system;1049
1050;General TreatmentTask;system;1050
1051;General TreatmentTask;system;1051
1052;General TreatmentTask;system;1052
1053;General TreatmentTask;system;1053
1054;General TreatmentTask;system;1054
1055;General TreatmentTask;system;1055
1056;General TreatmentTask;system;1056
1057;General TreatmentTask;system;1057
1058;General TreatmentTask;system;1058
1059;General TreatmentTask;system;1059
1060;General TreatmentTask;system;1060
1061;General TreatmentTask;system;1061
1062;General TreatmentTask;system;1062
1063;General TreatmentTask;system;1063
1064;General TreatmentTask;system;1064
1065;General TreatmentTask;system;1065
1066;General TreatmentTask;system;1066
1067;General TreatmentTask;system;1067
1068;General TreatmentTask;system;1068
1069;General TreatmentTask;system;1069
1070;General TreatmentTask;system;1070
1071;General TreatmentTask;system;1071
1072;General TreatmentTask;system;1072
1073;General TreatmentTask;system;1073
1074;General TreatmentTask;system;1074
1075;General TreatmentTask;system;1075
1076;General TreatmentTask;system;1076
1077;General TreatmentTask;system;1077
1078;General TreatmentTask;system;1078
1079;General TreatmentTask;system;1079
1080;General TreatmentTask;system;1080
1081;General TreatmentTask;system;1081
1082;General TreatmentTask;system;1082
1083;General TreatmentTask;system;1083
1084;General TreatmentTask;system;1084
1085;General TreatmentTask;system;1085
1086;General TreatmentTask;system;1086
1087;General TreatmentTask;system;1087
1088;General TreatmentTask;system;1088
1089;General TreatmentTask;system;1089
1090;General TreatmentTask;system;1090
1091;General TreatmentTask;system;1091
1092;General TreatmentTask;system;1092
1093;General TreatmentTask;system;1093
1094;General TreatmentTask;system;1094
1095;General TreatmentTask;system;1095
1096;General TreatmentTask;system;1096
1097;General TreatmentTask;system;1097
1098;General TreatmentTask;system;1098
1099;General TreatmentTask;system;1099
1100;General TreatmentTask;system;1100
1101;General TreatmentTask;system;1101
1102;General TreatmentTask;system;1102
1103;General TreatmentTask;system;1103
1104;General TreatmentTask;system;1104
1105;General TreatmentTask;system;1105
1106;General TreatmentTask;system;1106
1107;General TreatmentTask;system;1107
1108;General TreatmentTask;system;1108
1109;General TreatmentTask;system;1109
1110;General TreatmentTask;system;1110
1111;General TreatmentTask;system;1111
1112;General TreatmentTask;system;1112
1113;General TreatmentTask;system;1113
1114;General TreatmentTask;system;1114
1115;General TreatmentTask;system;1115
1116;General TreatmentTask;system;1116
1117;General TreatmentTask;system;1117
1118;General TreatmentTask;system;1118
1119;General TreatmentTask;system;1119
1120;General TreatmentTask;system;1120
1121;General TreatmentTask;system;1121
1122;General TreatmentTask;system;1122
1123;General TreatmentTask;system;1123
1124;General TreatmentTask;system;1124
1125;General TreatmentTask;system;1125
1126;General TreatmentTask;system;1126
1127;General TreatmentTask;system;1127
1128;General TreatmentTask;system;1128
1129;General TreatmentTask;system;1129
1130;General TreatmentTask;system;1130
1131;General TreatmentTask;system;1131
1132;General TreatmentTask;system;1132
1133;General TreatmentTask;system;1133
1134;General TreatmentTask;system;1134
1135;General TreatmentTask;system;1135
1136;General TreatmentTask;system;1136
1137;General TreatmentTask;system;1137
1138;General TreatmentTask;system;1138
1139;General TreatmentTask;system;1139
1140;General TreatmentTask;system;1140
1141;General TreatmentTask;system;1141
1142;General TreatmentTask;system;1142
1143;General TreatmentTask;system;1143
1144;General TreatmentTask;system;1144
1145;General TreatmentTask;system;1145
1146;General TreatmentTask;system;1146
1147;General TreatmentTask;system;1147
1148;General TreatmentTask;system;1148
1149;General TreatmentTask;system;1149
1150;General TreatmentTask;system;1150
1151;General TreatmentTask;system;1151
1152;General TreatmentTask;system;1152
1153;General TreatmentTask;system;1153
1154;General TreatmentTask;system;1154
1155;General TreatmentTask;system;1155
1156;General TreatmentTask;system;1156
1157;General TreatmentTask;system;1157
1158;General TreatmentTask;system;1158
1159;General TreatmentTask;system;1159
1160;General TreatmentTask;system;1160
1161;General TreatmentTask;system;1161
1162;General TreatmentTask;system;1162
1163;General TreatmentTask;system;1163
1164;General TreatmentTask;system;1164
1165;General TreatmentTask;system;1165
1166;General TreatmentTask;system;1166
1167;General TreatmentTask;system;1167
1168;General TreatmentTask;system;1168
1169;General TreatmentTask;system;1169
1170;General TreatmentTask;system;1170
1171;General TreatmentTask;system;1171
1172;General TreatmentTask;system;1172
1173;General TreatmentTask;system;1173
1174;General TreatmentTask;system;1174
1175;General TreatmentTask;system;1175
1176;General TreatmentTask;system;1176
1177;General TreatmentTask;system;1177
1178;General TreatmentTask;system;1178
1179;General TreatmentTask;system;1179
1180;General TreatmentTask;system;1180
1181;General TreatmentTask;system;1181
1182;General TreatmentTask;system;1182
1183;General TreatmentTask;system;1183
1184;General TreatmentTask;system;1184
1185;General TreatmentTask;system;1185
1186;General TreatmentTask;system;1186
1187;General TreatmentTask;system;1187
1188;General TreatmentTask;system;1188
1189;General TreatmentTask;system;1189
1190;General TreatmentTask;system;1190
1191;General TreatmentTask;system;1191
1192;General TreatmentTask;system;1192
1193;General TreatmentTask;system;1193
1194;General TreatmentTask;system;1194
1195;General TreatmentTask;system;1195
1196;General TreatmentTask;system;1196
1197;General TreatmentTask;system;1197
1198;General TreatmentTask;system;1198
1199;General TreatmentTask;system;1199
1200;General TreatmentTask;system;1200
1201;General TreatmentTask;system;1201
1202;General TreatmentTask;system;1202
1203;General TreatmentTask;system;1203
1204;General TreatmentTask;system;1204
1205;General TreatmentTask;system;1205
1206;General TreatmentTask;system;1206
1207;General TreatmentTask;system;1207
1208;General TreatmentTask;system;1208
1209;General TreatmentTask;system;1209
1210;General TreatmentTask;system;1210
1211;General TreatmentTask;system;1211
1212;General TreatmentTask;system;1212
1213;General TreatmentTask;system;1213
1214;General TreatmentTask;system;1214
1215;General TreatmentTask;system;1215
1216;General TreatmentTask;system;1216
1217;General TreatmentTask;system;1217
1218;General TreatmentTask;system;1218
1219;General TreatmentTask;system;1219
1220;General TreatmentTask;system;1220
1221;General TreatmentTask;system;1221
1222;General TreatmentTask;system;1222
1223;General TreatmentTask;system;1223
1224;General TreatmentTask;system;1224
1225;General TreatmentTask;system;1225
1226;General TreatmentTask;system;1226
1227;General TreatmentTask;system;1227
1228;General TreatmentTask;system;1228
1229;General TreatmentTask;system;1229
1230;General TreatmentTask;system;1230
1231;General TreatmentTask;system;1231
1232;General TreatmentTask;system;1232
1233;General TreatmentTask;system;1233
1234;General TreatmentTask;system;1234
1235;General TreatmentTask;system;1235
1236;General TreatmentTask;system;1236
1237;General TreatmentTask;system;1237
1238;General TreatmentTask;system;1238
1239;General TreatmentTask;system;1239
1240;General TreatmentTask;system;1240
1241;General TreatmentTask;system;1241
1242;General TreatmentTask;system;1242
1243;General TreatmentTask;system;1243
1244;General TreatmentTask;system;1244
1245;General TreatmentTask;system;1245
1246;General TreatmentTask;system;1246
1247;General TreatmentTask;system;1247
1248;General TreatmentTask;system;1248
1249;General TreatmentTask;system;1249
1250;General TreatmentTask;system;1250
1251;General TreatmentTask;system;1251
1252;General TreatmentTask;system;1252
1253;General TreatmentTask;system;1253
1254;General TreatmentTask;system;1254
1255;General TreatmentTask;system;1255
1256;General TreatmentTask;system;1256
1257;General TreatmentTask;system;1257
1258;General TreatmentTask;system;1258
1259;General TreatmentTask;system;1259
1260;General TreatmentTask;system;1260
1261;General TreatmentTask;system;1261
1262;General TreatmentTask;system;1262
1263;General TreatmentTask;system;1263
1264;General TreatmentTask;system;1264
1265;General TreatmentTask;system;1265
1266;General TreatmentTask;system;1266
1267;General TreatmentTask;system;1267
1268;General TreatmentTask;system;1268
1269;General TreatmentTask;system;1269
1270;General TreatmentTask;system;1270
1271;General TreatmentTask;system;1271
1272;General TreatmentTask;system;1272
1273;General TreatmentTask;system;1273
1274;General TreatmentTask;system;1274
1275;General TreatmentTask;system;1275
1276;General TreatmentTask;system;1276
1277;General TreatmentTask;system;1277
1278;General TreatmentTask;system;1278
1279;General TreatmentTask;system;1279
1280;General TreatmentTask;system;1280
1281;General TreatmentTask;system;1281
1282;General TreatmentTask;system;1282
1283;General TreatmentTask;system;1283
1284;General TreatmentTask;system;1284
1285;General TreatmentTask;system;1285
1286;General TreatmentTask;system;1286
1287;General TreatmentTask;system;1287
1288;General TreatmentTask;system;1288
1289;General TreatmentTask;system;1289
1290;General TreatmentTask;system;1290
1291;General TreatmentTask;system;1291
1292;General TreatmentTask;system;1292
1293;General TreatmentTask;system;1293
1294;General TreatmentTask;system;1294
1295;General TreatmentTask;system;1295
1296;General TreatmentTask;system;1296
1297;General TreatmentTask;system;1297
1298;General TreatmentTask;system;1298
1299;General TreatmentTask;system;1299
1300;General TreatmentTask;system;1300
1301;General TreatmentTask;system;1301
1302;General TreatmentTask;system;1302
1303;General TreatmentTask;system;1303
1304;General TreatmentTask;system;1304
1305;General TreatmentTask;system;1305
1306;General TreatmentTask;system;1306
1307;General TreatmentTask;system;1307
1308;General TreatmentTask;system;1308
1309;General TreatmentTask;system;1309
1310;General TreatmentTask;system;1310
1311;General TreatmentTask;system;1311
1312;General TreatmentTask;system;1312
1313;General TreatmentTask;system;1313
1314;General TreatmentTask;system;1314
1315;General TreatmentTask;system;1315
1316;General TreatmentTask;system;1316
1317;General TreatmentTask;system;1317
1318;General TreatmentTask;system;1318
1319;General TreatmentTask;system;1319
1320;General TreatmentTask;system;1320
1321;General TreatmentTask;system;1321
1322;General TreatmentTask;system;1322
1323;General TreatmentTask;system;1323
1324;General TreatmentTask;system;1324
1325;General TreatmentTask;system;1325
1326;General TreatmentTask;system;1326
1327;General TreatmentTask;system;1327
1328;General TreatmentTask;system;1328
1329;General TreatmentTask;system;1329
1330;General TreatmentTask;system;1330
1331;General TreatmentTask;system;1331
1332;General TreatmentTask;system;1332
1333;General TreatmentTask;system;1333
1334;General TreatmentTask;system;1334
1335;General TreatmentTask;system;1335
1336;General TreatmentTask;system;1336
1337;General TreatmentTask;system;1337
1338;General TreatmentTask;system;1338
1339;General TreatmentTask;system;1339
1340;General TreatmentTask;system;1340
1341;General TreatmentTask;system;1341
1342;General TreatmentTask;system;1342
1343;General TreatmentTask;system;1343
1344;General TreatmentTask;system;1344
1345;General TreatmentTask;system;1345
1346;General TreatmentTask;system;1346
1347;General TreatmentTask;system;1347
1348;General TreatmentTask;system;1348
1349;General TreatmentTask;system;1349
1350;General TreatmentTask;system;1350
1351;General TreatmentTask;system;1351
1352;General TreatmentTask;system;1352
1353;General TreatmentTask;system;1353
1354;General TreatmentTask;system;1354
1355;General TreatmentTask;system;1355
1356;General TreatmentTask;system;1356
1357;General TreatmentTask;system;1357
1358;General TreatmentTask;system;1358
1359;General TreatmentTask;system;1359
1360;General TreatmentTask;system;1360
1361;General TreatmentTask;system;1361
1362;General TreatmentTask;system;1362
1363;General TreatmentTask;system;1363
1364;General TreatmentTask;system;1364
1365;General TreatmentTask;system;1365
1366;General TreatmentTask;system;1366
1367;General TreatmentTask;system;1367
1368;General TreatmentTask;system;1368
1369;General TreatmentTask;system;1369
1370;General TreatmentTask;system;1370
1371;General TreatmentTask;system;1371
1372;General TreatmentTask;system;1372
1373;General TreatmentTask;system;1373
1374;General TreatmentTask;system;1374
1375;General TreatmentTask;system;1375
1376;General TreatmentTask;system;1376
1377;General TreatmentTask;system;1377
1378;General TreatmentTask;system;1378
1379;General TreatmentTask;system;1379
1380;General TreatmentTask;system;1380
1381;General TreatmentTask;system;1381
1382;General TreatmentTask;system;1382
1383;General TreatmentTask;system;1383
1384;General TreatmentTask;system;1384
1385;General TreatmentTask;system;1385
1386;General TreatmentTask;system;1386
1387;General TreatmentTask;system;1387
1388;General TreatmentTask;system;1388
1389;General TreatmentTask;system;1389
1390;General TreatmentTask;system;1390
1391;General TreatmentTask;system;1391
1392;General TreatmentTask;system;1392
1393;General TreatmentTask;system;1393
1394;General TreatmentTask;system;1394
1395;General TreatmentTask;system;1395
1396;General TreatmentTask;system;1396
1397;General TreatmentTask;system;1397
1398;General TreatmentTask;system;1398
1399;General TreatmentTask;system;1399
1400;General TreatmentTask;system;1400
1401;General TreatmentTask;system;1401
1402;General TreatmentTask;system;1402
1403;General TreatmentTask;system;1403
1404;General TreatmentTask;system;1404
1405;General TreatmentTask;system;1405
1406;General TreatmentTask;system;1406
1407;General TreatmentTask;system;1407
1408;General TreatmentTask;system;1408
1409;General TreatmentTask;system;1409
1410;General TreatmentTask;system;1410
1411;General TreatmentTask;system;1411
1412;General TreatmentTask;system;1412
1413;General TreatmentTask;system;1413
1414;General TreatmentTask;system;1414
1415;General TreatmentTask;system;1415
1416;General TreatmentTask;system;1416
1417;General TreatmentTask;system;1417
1418;General TreatmentTask;system;1418
1419;General TreatmentTask;system;1419
1420;General TreatmentTask;system;1420
1421;General TreatmentTask;system;1421
1422;General TreatmentTask;system;1422
1423;General TreatmentTask;system;1423
1424;General TreatmentTask;system;1424
1425;General TreatmentTask;system;1425
1426;General TreatmentTask;system;1426
1427;General TreatmentTask;system;1427
1428;General TreatmentTask;system;1428
1429;General TreatmentTask;system;1429
1430;General TreatmentTask;system;1430
1431;General TreatmentTask;system;1431
1432;General TreatmentTask;system;1432
1433;General TreatmentTask;system;1433
1434;General TreatmentTask;system;1434
1435;General TreatmentTask;system;1435
1436;General TreatmentTask;system;1436
1437;General TreatmentTask;system;1437
1438;General TreatmentTask;system;1438
1439;General TreatmentTask;system;1439
1440;General TreatmentTask;system;1440
1441;General TreatmentTask;system;1441
1442;General TreatmentTask;system;1442
1443;General TreatmentTask;system;1443
1444;General TreatmentTask;system;1444
1445;General TreatmentTask;system;1445
1446;General TreatmentTask;system;1446
1447;General TreatmentTask;system;1447
1448;General TreatmentTask;system;1448
1449;General TreatmentTask;system;1449
1450;General TreatmentTask;system;1450
1451;General TreatmentTask;system;1451
1452;General TreatmentTask;system;1452
1453;General TreatmentTask;system;1453
1454;General TreatmentTask;system;1454
1455;General TreatmentTask;system;1455
1456;General TreatmentTask;system;1456
1457;General TreatmentTask;system;1457
1458;General TreatmentTask;system;1458
1459;General TreatmentTask;system;1459
1460;General TreatmentTask;system;1460
1461;General TreatmentTask;system;1461
1462;General TreatmentTask;system;1462
1463;General TreatmentTask;system;1463
1464;General TreatmentTask;system;1464
1465;General TreatmentTask;system;1465
1466;General TreatmentTask;system;1466
1467;General TreatmentTask;system;1467
1468;General TreatmentTask;system;1468
1469;General TreatmentTask;system;1469
1470;General TreatmentTask;system;1470
1471;General TreatmentTask;system;1471
1472;General TreatmentTask;system;1472
1473;General TreatmentTask;system;1473
1474;General TreatmentTask;system;1474
1475;General TreatmentTask;system;1475
1476;General TreatmentTask;system;1476
1477;General TreatmentTask;system;1477
1478;General TreatmentTask;system;1478
1479;General TreatmentTask;system;1479
1480;General TreatmentTask;system;1480
1481;General TreatmentTask;system;1481
1482;General TreatmentTask;system;1482
1483;General TreatmentTask;system;1483
1484;General TreatmentTask;system;1484
1485;General TreatmentTask;system;1485
1486;General TreatmentTask;system;1486
1487;General TreatmentTask;system;1487
1488;General TreatmentTask;system;1488
1489;General TreatmentTask;system;1489
1490;General TreatmentTask;system;1490
1491;General TreatmentTask;system;1491
1492;General TreatmentTask;system;1492
1493;General TreatmentTask;system;1493
1494;General TreatmentTask;system;1494
1495;General TreatmentTask;system;1495
1496;General TreatmentTask;system;1496
1497;General TreatmentTask;system;1497
1498;General TreatmentTask;system;1498
1499;General TreatmentTask;system;1499
1500;General TreatmentTask;system;1500
1501;General TreatmentTask;system;1501
1502;General TreatmentTask;system;1502
1503;General TreatmentTask;system;1503
1504;General TreatmentTask;system;1504
1505;General TreatmentTask;system;1505
1506;General TreatmentTask;system;1506
1507;General TreatmentTask;system;1507
1508;General TreatmentTask;system;1508
1509;General TreatmentTask;system;1509
1510;General TreatmentTask;system;1510
1511;General TreatmentTask;system;1511
1512;General TreatmentTask;system;1512
1513;General TreatmentTask;system;1513
1514;General TreatmentTask;system;1514
1515;General TreatmentTask;system;1515
1516;General TreatmentTask;system;1516
1517;General TreatmentTask;system;1517
1518;General TreatmentTask;system;1518
1519;General TreatmentTask;system;1519
1520;General TreatmentTask;system;1520
1521;General TreatmentTask;system;1521
1522;General TreatmentTask;system;1522
1523;General TreatmentTask;system;1523
1524;General TreatmentTask;system;1524
1525;General TreatmentTask;system;1525
1526;General TreatmentTask;system;1526
1527;General TreatmentTask;system;1527
1528;General TreatmentTask;system;1528
1529;General TreatmentTask;system;1529
1530;General TreatmentTask;system;1530
1531;General TreatmentTask;system;1531
1532;General TreatmentTask;system;1532
1533;General TreatmentTask;system;1533
1534;General TreatmentTask;system;1534
1535;General TreatmentTask;system;1535
1536;General TreatmentTask;system;1536
1537;General TreatmentTask;system;1537
1538;General TreatmentTask;system;1538
1539;General TreatmentTask;system;1539
1540;General TreatmentTask;system;1540
1541;General TreatmentTask;system;1541
1542;General TreatmentTask;system;1542
1543;General TreatmentTask;system;1543
1544;General TreatmentTask;system;1544
1545;General TreatmentTask;system;1545
1546;General TreatmentTask;system;1546
1547;General TreatmentTask;system;1547
1548;General TreatmentTask;system;1548
1549;General TreatmentTask;system;1549
1550;General TreatmentTask;system;1550
1551;General TreatmentTask;system;1551
1552;General TreatmentTask;system;1552
1553;General TreatmentTask;system;1553
1554;General TreatmentTask;system;1554
1555;General TreatmentTask;system;1555
1556;General TreatmentTask;system;1556
1557;General TreatmentTask;system;1557
1558;General TreatmentTask;system;1558
1559;General TreatmentTask;system;1559
1560;General TreatmentTask;system;1560
1561;General TreatmentTask;system;1561
1562;General TreatmentTask;system;1562
1563;General TreatmentTask;system;1563
1564;General TreatmentTask;system;1564
1565;General TreatmentTask;system;1565
1566;General TreatmentTask;system;1566
1567;General TreatmentTask;system;1567
1568;General TreatmentTask;system;1568
1569;General TreatmentTask;system;1569
1570;General TreatmentTask;system;1570
1571;General TreatmentTask;system;1571
1572;General TreatmentTask;system;1572
1573;General TreatmentTask;system;1573
1574;General TreatmentTask;system;1574
1575;General TreatmentTask;system;1575
1576;General TreatmentTask;system;1576
1577;General TreatmentTask;system;1577
1578;General TreatmentTask;system;1578
1579;General TreatmentTask;system;1579
1580;General TreatmentTask;system;1580
1581;General TreatmentTask;system;1581
1582;General TreatmentTask;system;1582
1583;General TreatmentTask;system;1583
1584;General TreatmentTask;system;1584
1585;General TreatmentTask;system;1585
1586;General TreatmentTask;system;1586
1587;General TreatmentTask;system;1587
1588;General TreatmentTask;system;1588
1589;General TreatmentTask;system;1589
1590;General TreatmentTask;system;1590
1591;General TreatmentTask;system;1591
1592;General TreatmentTask;system;1592
1593;General TreatmentTask;system;1593
1594;General TreatmentTask;system;1594
1595;General TreatmentTask;system;1595
1596;General TreatmentTask;system;1596
1597;General TreatmentTask;system;1597
1598;General TreatmentTask;system;1598
1599;General TreatmentTask;system;1599
1600;General TreatmentTask;system;1600
1601;General TreatmentTask;system;1601
1602;General TreatmentTask;system;1602
1603;General TreatmentTask;system;1603
1604;General TreatmentTask;system;1604
1605;General TreatmentTask;system;1605
1606;General TreatmentTask;system;1606
1607;General TreatmentTask;system;1607
1608;General TreatmentTask;system;1608
1609;General TreatmentTask;system;1609
1610;General TreatmentTask;system;1610
1611;General TreatmentTask;system;1611
1612;General TreatmentTask;system;1612
1613;General TreatmentTask;system;1613
1614;General TreatmentTask;system;1614
1615;General TreatmentTask;system;1615
1616;General TreatmentTask;system;1616
1617;General TreatmentTask;system;1617
1618;General TreatmentTask;system;1618
1619;General TreatmentTask;system;1619
1620;General TreatmentTask;system;1620
1621;General TreatmentTask;system;1621
1622;General TreatmentTask;system;1622
1623;General TreatmentTask;system;1623
1624;General TreatmentTask;system;1624
1625;General TreatmentTask;system;1625
1626;General TreatmentTask;system;1626
1627;General TreatmentTask;system;1627
1628;General TreatmentTask;system;1628
1629;General TreatmentTask;system;1629
1630;General TreatmentTask;system;1630
1631;General TreatmentTask;system;1631
1632;General TreatmentTask;system;1632
1633;General TreatmentTask;system;1633
1634;General TreatmentTask;system;1634
1635;General TreatmentTask;system;1635
1636;General TreatmentTask;system;1636
1637;General TreatmentTask;system;1637
1638;General TreatmentTask;system;1638
1639;General TreatmentTask;system;1639
1640;General TreatmentTask;system;1640
1641;General TreatmentTask;system;1641
1642;General TreatmentTask;system;1642
1643;General TreatmentTask;system;1643
1644;General TreatmentTask;system;1644
1645;General TreatmentTask;system;1645
1646;General TreatmentTask;system;1646
1647;General TreatmentTask;system;1647
1648;General TreatmentTask;system;1648
1649;General TreatmentTask;system;1649
1650;General TreatmentTask;system;1650
1651;General TreatmentTask;system;1651
1652;General TreatmentTask;system;1652
1653;General TreatmentTask;system;1653
1654;General TreatmentTask;system;1654
1655;General TreatmentTask;system;1655
1656;General TreatmentTask;system;1656
1657;General TreatmentTask;system;1657
1658;General TreatmentTask;system;1658
1659;General TreatmentTask;system;1659
1660;General TreatmentTask;system;1660
1661;General TreatmentTask;system;1661
1662;General TreatmentTask;system;1662
1663;General TreatmentTask;system;1663
1664;General TreatmentTask;system;1664
1665;General TreatmentTask;system;1665
1666;General TreatmentTask;system;1666
1667;General TreatmentTask;system;1667
1668;General TreatmentTask;system;1668
1669;General TreatmentTask;system;1669
1670;General TreatmentTask;system;1670
1671;General TreatmentTask;system;1671
1672;General TreatmentTask;system;1672
1673;General TreatmentTask;system;1673
1674;General TreatmentTask;system;1674
1675;General TreatmentTask;system;1675
1676;General TreatmentTask;system;1676
1677;General TreatmentTask;system;1677
1678;General TreatmentTask;system;1678
1679;General TreatmentTask;system;1679
1680;General TreatmentTask;system;1680
1681;General TreatmentTask;system;1681
1682;General TreatmentTask;system;1682
1683;General TreatmentTask;system;1683
1684;General TreatmentTask;system;1684
1685;General TreatmentTask;system;1685
1686;General TreatmentTask;system;1686
1687;General TreatmentTask;system;1687
1688;General TreatmentTask;system;1688
1689;General TreatmentTask;system;1689
1690;General TreatmentTask;system;1690
1691;General TreatmentTask;system;1691
1692;General TreatmentTask;system;1692
1693;General TreatmentTask;system;1693
1694;General TreatmentTask;system;1694
1695;General TreatmentTask;system;1695
1696;General TreatmentTask;system;1696
1697;General TreatmentTask;system;1697
1698;General TreatmentTask;system;1698
1699;General TreatmentTask;system;1699
1700;General TreatmentTask;system;1700
1701;General TreatmentTask;system;1701
1702;General TreatmentTask;system;1702
1703;General TreatmentTask;system;1703
1704;General TreatmentTask;system;1704
1705;General TreatmentTask;system;1705
1706;General TreatmentTask;system;1706
1707;General TreatmentTask;system;1707
1708;General TreatmentTask;system;1708
1709;General TreatmentTask;system;1709
1710;General TreatmentTask;system;1710
1711;General TreatmentTask;system;1711
1712;General TreatmentTask;system;1712
1713;General TreatmentTask;system;1713
1714;General TreatmentTask;system;1714
1715;General TreatmentTask;system;1715
1716;General TreatmentTask;system;1716
1717;General TreatmentTask;system;1717
1718;General TreatmentTask;system;1718
1719;General TreatmentTask;system;1719
1720;General TreatmentTask;system;1720
1721;General TreatmentTask;system;1721
1722;General TreatmentTask;system;1722
1723;General TreatmentTask;system;1723
1724;General TreatmentTask;system;1724
1725;General TreatmentTask;system;1725
1726;General TreatmentTask;system;1726
1727;General TreatmentTask;system;1727
1728;General TreatmentTask;system;1728
1729;General TreatmentTask;system;1729
1730;General TreatmentTask;system;1730
1731;General TreatmentTask;system;1731
1732;General TreatmentTask;system;1732
1733;General TreatmentTask;system;1733
1734;General TreatmentTask;system;1734
1735;General TreatmentTask;system;1735
1736;General TreatmentTask;system;1736
1737;General TreatmentTask;system;1737
1738;General TreatmentTask;system;1738
1739;General TreatmentTask;system;1739
1740;General TreatmentTask;system;1740
1741;General TreatmentTask;system;1741
1742;General TreatmentTask;system;1742
1743;General TreatmentTask;system;1743
1744;General TreatmentTask;system;1744
1745;General TreatmentTask;system;1745
1746;General TreatmentTask;system;1746
1747;General TreatmentTask;system;1747
1748;General TreatmentTask;system;1748
1749;General TreatmentTask;system;1749
1750;General TreatmentTask;system;1750
1751;General TreatmentTask;system;1751
1752;General TreatmentTask;system;1752
1753;General TreatmentTask;system;1753
1754;General TreatmentTask;system;1754
1755;General TreatmentTask;system;1755
1756;General TreatmentTask;system;1756
1757;General TreatmentTask;system;1757
1758;General TreatmentTask;system;1758
1759;General TreatmentTask;system;1759
1760;General TreatmentTask;system;1760
1761;General TreatmentTask;system;1761
1762;General TreatmentTask;system;1762
1763;General TreatmentTask;system;1763
1764;General TreatmentTask;system;1764
1765;General TreatmentTask;system;1765
1766;General TreatmentTask;system;1766
1767;General TreatmentTask;system;1767
1768;General TreatmentTask;system;1768
1769;General TreatmentTask;system;1769
1770;General TreatmentTask;system;1770
1771;General TreatmentTask;system;1771
1772;General TreatmentTask;system;1772
1773;General TreatmentTask;system;1773
1774;General TreatmentTask;system;1774
1775;General TreatmentTask;system;1775
1776;General TreatmentTask;system;1776
1777;General TreatmentTask;system;1777
1778;General TreatmentTask;system;1778
1779;General TreatmentTask;system;1779
1780;General TreatmentTask;system;1780
1781;General TreatmentTask;system;1781
1782;General TreatmentTask;system;1782
1783;General TreatmentTask;system;1783
1784;General TreatmentTask;system;1784
1785;General TreatmentTask;system;1785
1786;General TreatmentTask;system;1786
1787;General TreatmentTask;system;1787
1788;General TreatmentTask;system;1788
1789;General TreatmentTask;system;1789
1790;General TreatmentTask;system;1790
1791;General TreatmentTask;system;1791
1792;General TreatmentTask;system;1792
1793;General TreatmentTask;system;1793
1794;General TreatmentTask;system;1794
1795;General TreatmentTask;system;1795
1796;General TreatmentTask;system;1796
1797;General TreatmentTask;system;1797
1798;General TreatmentTask;system;1798
1799;General TreatmentTask;system;1799
1800;General TreatmentTask;system;1800
1801;General TreatmentTask;system;1801
1802;General TreatmentTask;system;1802
1803;General TreatmentTask;system;1803
1804;General TreatmentTask;system;1804
1805;General TreatmentTask;system;1805
1806;General TreatmentTask;system;1806
1807;General TreatmentTask;system;1807
1808;General TreatmentTask;system;1808
1809;General TreatmentTask;system;1809
1810;General TreatmentTask;system;1810
1811;General TreatmentTask;system;1811
1812;General TreatmentTask;system;1812
1813;General TreatmentTask;system;1813
1814;General TreatmentTask;system;1814
1815;General TreatmentTask;system;1815
1816;General TreatmentTask;system;1816
1817;General TreatmentTask;system;1817
1818;General TreatmentTask;system;1818
1819;General TreatmentTask;system;1819
1820;General TreatmentTask;system;1820
1821;General TreatmentTask;system;1821
1822;General TreatmentTask;system;1822
1823;General TreatmentTask;system;1823
1824;General TreatmentTask;system;1824
1825;General TreatmentTask;system;1825
1826;General TreatmentTask;system;1826
1827;General TreatmentTask;system;1827
1828;General TreatmentTask;system;1828
1829;General TreatmentTask;system;1829
1830;General TreatmentTask;system;1830
1831;General TreatmentTask;system;1831
1832;General TreatmentTask;system;1832
1833;General TreatmentTask;system;1833
1834;General TreatmentTask;system;1834
1835;General TreatmentTask;system;1835
1836;General TreatmentTask;system;1836
1837;General TreatmentTask;system;1837
1838;General TreatmentTask;system;1838
1839;General TreatmentTask;system;1839
1840;General TreatmentTask;system;1840
1841;General TreatmentTask;system;1841
1842;General TreatmentTask;system;1842
1843;General TreatmentTask;system;1843
1844;General TreatmentTask;system;1844
1845;General TreatmentTask;system;1845
1846;General TreatmentTask;system;1846
1847;General TreatmentTask;system;1847
1848;General TreatmentTask;system;1848
1849;General TreatmentTask;system;1849
1850;General TreatmentTask;system;1850
1851;General TreatmentTask;system;1851
1852;General TreatmentTask;system;1852
1853;General TreatmentTask;system;1853
1854;General TreatmentTask;system;1854
1855;General TreatmentTask;system;1855
1856;General TreatmentTask;system;1856
1857;General TreatmentTask;system;1857
1858;General TreatmentTask;system;1858
1859;General TreatmentTask;system;1859
1860;General TreatmentTask;system;1860
1861;General TreatmentTask;system;1861
1862;General TreatmentTask;system;1862
1863;General TreatmentTask;system;1863
1864;General TreatmentTask;system;1864
1865;General TreatmentTask;system;1865
1866;General TreatmentTask;system;1866
1867;General TreatmentTask;system;1867
1868;General TreatmentTask;system;1868
1869;General TreatmentTask;system;1869
1870;General TreatmentTask;system;1870
1871;General TreatmentTask;system;1871
1872;General TreatmentTask;system;1872
1873;General TreatmentTask;system;1873
1874;General TreatmentTask;system;1874
1875;General TreatmentTask;system;1875
1876;General TreatmentTask;system;1876
1877;General TreatmentTask;system;1877
1878;General TreatmentTask;system;1878
1879;General TreatmentTask;system;1879
1880;General TreatmentTask;system;1880
1881;General TreatmentTask;system;1881
1882;General TreatmentTask;system;1882
1883;General TreatmentTask;system;1883
1884;General TreatmentTask;system;1884
1885;General TreatmentTask;system;1885
1886;General TreatmentTask;system;1886
1887;General TreatmentTask;system;1887
1888;General TreatmentTask;system;1888
1889;General TreatmentTask;system;1889
1890;General TreatmentTask;system;1890
1891;General TreatmentTask;system;1891
1892;General TreatmentTask;system;1892
1893;General TreatmentTask;system;1893
1894;General TreatmentTask;system;1894
1895;General TreatmentTask;system;1895
1896;General TreatmentTask;system;1896
1897;General TreatmentTask;system;1897
1898;General TreatmentTask;system;1898
1899;General TreatmentTask;system;1899
1900;General TreatmentTask;system;1900
1901;General TreatmentTask;system;1901
1902;General TreatmentTask;system;1902
1903;General TreatmentTask;system;1903
1904;General TreatmentTask;system;1904
1905;General TreatmentTask;system;1905
1906;General TreatmentTask;system;1906
1907;General TreatmentTask;system;1907
1908;General TreatmentTask;system;1908
1909;General TreatmentTask;system;1909
1910;General TreatmentTask;system;1910
1911;General TreatmentTask;system;1911
1912;General TreatmentTask;system;1912
1913;General TreatmentTask;system;1913
1914;General TreatmentTask;system;1914
1915;General TreatmentTask;system;1915
1916;General TreatmentTask;system;1916
1917;General TreatmentTask;system;1917
1918;General TreatmentTask;system;1918
1919;General TreatmentTask;system;1919
1920;General TreatmentTask;system;1920
1921;General TreatmentTask;system;1921
1922;General TreatmentTask;system;1922
1923;General TreatmentTask;system;1923
1924;General TreatmentTask;system;1924
1925;General TreatmentTask;system;1925
1926;General TreatmentTask;system;1926
1927;General TreatmentTask;system;1927
1928;General TreatmentTask;system;1928
1929;General TreatmentTask;system;1929
1930;General TreatmentTask;system;1930
1931;General TreatmentTask;system;1931
1932;General TreatmentTask;system;1932
1933;General TreatmentTask;system;1933
1934;General TreatmentTask;system;1934
1935;General TreatmentTask;system;1935
1936;General TreatmentTask;system;1936
1937;General TreatmentTask;system;1937
1938;General TreatmentTask;system;1938
1939;General TreatmentTask;system;1939
1940;General TreatmentTask;system;1940
1941;General TreatmentTask;system;1941
1942;General TreatmentTask;system;1942
1943;General TreatmentTask;system;1943
1944;General TreatmentTask;system;1944
1945;General TreatmentTask;system;1945
1946;General TreatmentTask;system;1946
1947;General TreatmentTask;system;1947
1948;General TreatmentTask;system;1948
1949;General TreatmentTask;system;1949
1950;General TreatmentTask;system;1950
1951;General TreatmentTask;system;1951
1952;General TreatmentTask;system;1952
1953;General TreatmentTask;system;1953
1954;General TreatmentTask;system;1954
1955;General TreatmentTask;system;1955
1956;General TreatmentTask;system;1956
1957;General TreatmentTask;system;1957
1958;General TreatmentTask;system;1958
1959;General TreatmentTask;system;1959
1960;General TreatmentTask;system;1960
1961;General TreatmentTask;system;1961
1962;General TreatmentTask;system;1962
1963;General TreatmentTask;system;1963
1964;General TreatmentTask;system;1964
1965;General TreatmentTask;system;1965
1966;General TreatmentTask;system;1966
1967;General TreatmentTask;system;1967
1968;General TreatmentTask;system;1968
1969;General TreatmentTask;system;1969
1970;General TreatmentTask;system;1970
1971;General TreatmentTask;system;1971
1972;General TreatmentTask;system;1972
1973;General TreatmentTask;system;1973
1974;General TreatmentTask;system;1974
1975;General TreatmentTask;system;1975
1976;General TreatmentTask;system;1976
1977;General TreatmentTask;system;1977
1978;General TreatmentTask;system;1978
1979;General TreatmentTask;system;1979
1980;General TreatmentTask;system;1980
1981;General TreatmentTask;system;1981
1982;General TreatmentTask;system;1982
1983;General TreatmentTask;system;1983
1984;General TreatmentTask;system;1984
1985;General TreatmentTask;system;1985
1986;General TreatmentTask;system;1986
1987;General TreatmentTask;system;1987
1988;General TreatmentTask;system;1988
1989;General TreatmentTask;system;1989
1990;General TreatmentTask;system;1990
1991;General TreatmentTask;system;1991
1992;General TreatmentTask;system;1992
1993;General TreatmentTask;system;1993
1994;General TreatmentTask;system;1994
1995;General TreatmentTask;system;1995
1996;General TreatmentTask;system;1996
1997;General TreatmentTask;system;1997
1998;General TreatmentTask;system;1998
1999;General TreatmentTask;system;1999
2000;General TreatmentTask;system;2000
