id;name;activated;created_by;treatment_id
1;General TreatmentPlan;true;system;1
2;General TreatmentPlan;true;system;2
3;General TreatmentPlan;true;system;3
4;General TreatmentPlan;true;system;4
5;General TreatmentPlan;true;system;5
6;General TreatmentPlan;true;system;6
7;General TreatmentPlan;true;system;7
8;General TreatmentPlan;true;system;8
9;General TreatmentPlan;true;system;9
10;General TreatmentPlan;true;system;10
11;General TreatmentPlan;true;system;11
12;General TreatmentPlan;true;system;12
13;General TreatmentPlan;true;system;13
14;General TreatmentPlan;true;system;14
15;General TreatmentPlan;true;system;15
16;General TreatmentPlan;true;system;16
17;General TreatmentPlan;true;system;17
18;General TreatmentPlan;true;system;18
19;General TreatmentPlan;true;system;19
20;General TreatmentPlan;true;system;20
21;General TreatmentPlan;true;system;21
22;General TreatmentPlan;true;system;22
23;General TreatmentPlan;true;system;23
24;General TreatmentPlan;true;system;24
25;General TreatmentPlan;true;system;25
26;General TreatmentPlan;true;system;26
27;General TreatmentPlan;true;system;27
28;General TreatmentPlan;true;system;28
29;General TreatmentPlan;true;system;29
30;General TreatmentPlan;true;system;30
31;General TreatmentPlan;true;system;31
32;General TreatmentPlan;true;system;32
33;General TreatmentPlan;true;system;33
34;General TreatmentPlan;true;system;34
35;General TreatmentPlan;true;system;35
36;General TreatmentPlan;true;system;36
37;General TreatmentPlan;true;system;37
38;General TreatmentPlan;true;system;38
39;General TreatmentPlan;true;system;39
40;General TreatmentPlan;true;system;40
41;General TreatmentPlan;true;system;41
42;General TreatmentPlan;true;system;42
43;General TreatmentPlan;true;system;43
44;General TreatmentPlan;true;system;44
45;General TreatmentPlan;true;system;45
46;General TreatmentPlan;true;system;46
47;General TreatmentPlan;true;system;47
48;General TreatmentPlan;true;system;48
49;General TreatmentPlan;true;system;49
50;General TreatmentPlan;true;system;50
51;General TreatmentPlan;true;system;51
52;General TreatmentPlan;true;system;52
53;General TreatmentPlan;true;system;53
54;General TreatmentPlan;true;system;54
55;General TreatmentPlan;true;system;55
56;General TreatmentPlan;true;system;56
57;General TreatmentPlan;true;system;57
58;General TreatmentPlan;true;system;58
59;General TreatmentPlan;true;system;59
60;General TreatmentPlan;true;system;60
61;General TreatmentPlan;true;system;61
62;General TreatmentPlan;true;system;62
63;General TreatmentPlan;true;system;63
64;General TreatmentPlan;true;system;64
65;General TreatmentPlan;true;system;65
66;General TreatmentPlan;true;system;66
67;General TreatmentPlan;true;system;67
68;General TreatmentPlan;true;system;68
69;General TreatmentPlan;true;system;69
70;General TreatmentPlan;true;system;70
71;General TreatmentPlan;true;system;71
72;General TreatmentPlan;true;system;72
73;General TreatmentPlan;true;system;73
74;General TreatmentPlan;true;system;74
75;General TreatmentPlan;true;system;75
76;General TreatmentPlan;true;system;76
77;General TreatmentPlan;true;system;77
78;General TreatmentPlan;true;system;78
79;General TreatmentPlan;true;system;79
80;General TreatmentPlan;true;system;80
81;General TreatmentPlan;true;system;81
82;General TreatmentPlan;true;system;82
83;General TreatmentPlan;true;system;83
84;General TreatmentPlan;true;system;84
85;General TreatmentPlan;true;system;85
86;General TreatmentPlan;true;system;86
87;General TreatmentPlan;true;system;87
88;General TreatmentPlan;true;system;88
89;General TreatmentPlan;true;system;89
90;General TreatmentPlan;true;system;90
91;General TreatmentPlan;true;system;91
92;General TreatmentPlan;true;system;92
93;General TreatmentPlan;true;system;93
94;General TreatmentPlan;true;system;94
95;General TreatmentPlan;true;system;95
96;General TreatmentPlan;true;system;96
97;General TreatmentPlan;true;system;97
98;General TreatmentPlan;true;system;98
99;General TreatmentPlan;true;system;99
100;General TreatmentPlan;true;system;100
101;General TreatmentPlan;true;system;101
102;General TreatmentPlan;true;system;102
103;General TreatmentPlan;true;system;103
104;General TreatmentPlan;true;system;104
105;General TreatmentPlan;true;system;105
106;General TreatmentPlan;true;system;106
107;General TreatmentPlan;true;system;107
108;General TreatmentPlan;true;system;108
109;General TreatmentPlan;true;system;109
110;General TreatmentPlan;true;system;110
111;General TreatmentPlan;true;system;111
112;General TreatmentPlan;true;system;112
113;General TreatmentPlan;true;system;113
114;General TreatmentPlan;true;system;114
115;General TreatmentPlan;true;system;115
116;General TreatmentPlan;true;system;116
117;General TreatmentPlan;true;system;117
118;General TreatmentPlan;true;system;118
119;General TreatmentPlan;true;system;119
120;General TreatmentPlan;true;system;120
121;General TreatmentPlan;true;system;121
122;General TreatmentPlan;true;system;122
123;General TreatmentPlan;true;system;123
124;General TreatmentPlan;true;system;124
125;General TreatmentPlan;true;system;125
126;General TreatmentPlan;true;system;126
127;General TreatmentPlan;true;system;127
128;General TreatmentPlan;true;system;128
129;General TreatmentPlan;true;system;129
130;General TreatmentPlan;true;system;130
131;General TreatmentPlan;true;system;131
132;General TreatmentPlan;true;system;132
133;General TreatmentPlan;true;system;133
134;General TreatmentPlan;true;system;134
135;General TreatmentPlan;true;system;135
136;General TreatmentPlan;true;system;136
137;General TreatmentPlan;true;system;137
138;General TreatmentPlan;true;system;138
139;General TreatmentPlan;true;system;139
140;General TreatmentPlan;true;system;140
141;General TreatmentPlan;true;system;141
142;General TreatmentPlan;true;system;142
143;General TreatmentPlan;true;system;143
144;General TreatmentPlan;true;system;144
145;General TreatmentPlan;true;system;145
146;General TreatmentPlan;true;system;146
147;General TreatmentPlan;true;system;147
148;General TreatmentPlan;true;system;148
149;General TreatmentPlan;true;system;149
150;General TreatmentPlan;true;system;150
151;General TreatmentPlan;true;system;151
152;General TreatmentPlan;true;system;152
153;General TreatmentPlan;true;system;153
154;General TreatmentPlan;true;system;154
155;General TreatmentPlan;true;system;155
156;General TreatmentPlan;true;system;156
157;General TreatmentPlan;true;system;157
158;General TreatmentPlan;true;system;158
159;General TreatmentPlan;true;system;159
160;General TreatmentPlan;true;system;160
161;General TreatmentPlan;true;system;161
162;General TreatmentPlan;true;system;162
163;General TreatmentPlan;true;system;163
164;General TreatmentPlan;true;system;164
165;General TreatmentPlan;true;system;165
166;General TreatmentPlan;true;system;166
167;General TreatmentPlan;true;system;167
168;General TreatmentPlan;true;system;168
169;General TreatmentPlan;true;system;169
170;General TreatmentPlan;true;system;170
171;General TreatmentPlan;true;system;171
172;General TreatmentPlan;true;system;172
173;General TreatmentPlan;true;system;173
174;General TreatmentPlan;true;system;174
175;General TreatmentPlan;true;system;175
176;General TreatmentPlan;true;system;176
177;General TreatmentPlan;true;system;177
178;General TreatmentPlan;true;system;178
179;General TreatmentPlan;true;system;179
180;General TreatmentPlan;true;system;180
181;General TreatmentPlan;true;system;181
182;General TreatmentPlan;true;system;182
183;General TreatmentPlan;true;system;183
184;General TreatmentPlan;true;system;184
185;General TreatmentPlan;true;system;185
186;General TreatmentPlan;true;system;186
187;General TreatmentPlan;true;system;187
188;General TreatmentPlan;true;system;188
189;General TreatmentPlan;true;system;189
190;General TreatmentPlan;true;system;190
191;General TreatmentPlan;true;system;191
192;General TreatmentPlan;true;system;192
193;General TreatmentPlan;true;system;193
194;General TreatmentPlan;true;system;194
195;General TreatmentPlan;true;system;195
196;General TreatmentPlan;true;system;196
197;General TreatmentPlan;true;system;197
198;General TreatmentPlan;true;system;198
199;General TreatmentPlan;true;system;199
200;General TreatmentPlan;true;system;200
201;General TreatmentPlan;true;system;201
202;General TreatmentPlan;true;system;202
203;General TreatmentPlan;true;system;203
204;General TreatmentPlan;true;system;204
205;General TreatmentPlan;true;system;205
206;General TreatmentPlan;true;system;206
207;General TreatmentPlan;true;system;207
208;General TreatmentPlan;true;system;208
209;General TreatmentPlan;true;system;209
210;General TreatmentPlan;true;system;210
211;General TreatmentPlan;true;system;211
212;General TreatmentPlan;true;system;212
213;General TreatmentPlan;true;system;213
214;General TreatmentPlan;true;system;214
215;General TreatmentPlan;true;system;215
216;General TreatmentPlan;true;system;216
217;General TreatmentPlan;true;system;217
218;General TreatmentPlan;true;system;218
219;General TreatmentPlan;true;system;219
220;General TreatmentPlan;true;system;220
221;General TreatmentPlan;true;system;221
222;General TreatmentPlan;true;system;222
223;General TreatmentPlan;true;system;223
224;General TreatmentPlan;true;system;224
225;General TreatmentPlan;true;system;225
226;General TreatmentPlan;true;system;226
227;General TreatmentPlan;true;system;227
228;General TreatmentPlan;true;system;228
229;General TreatmentPlan;true;system;229
230;General TreatmentPlan;true;system;230
231;General TreatmentPlan;true;system;231
232;General TreatmentPlan;true;system;232
233;General TreatmentPlan;true;system;233
234;General TreatmentPlan;true;system;234
235;General TreatmentPlan;true;system;235
236;General TreatmentPlan;true;system;236
237;General TreatmentPlan;true;system;237
238;General TreatmentPlan;true;system;238
239;General TreatmentPlan;true;system;239
240;General TreatmentPlan;true;system;240
241;General TreatmentPlan;true;system;241
242;General TreatmentPlan;true;system;242
243;General TreatmentPlan;true;system;243
244;General TreatmentPlan;true;system;244
245;General TreatmentPlan;true;system;245
246;General TreatmentPlan;true;system;246
247;General TreatmentPlan;true;system;247
248;General TreatmentPlan;true;system;248
249;General TreatmentPlan;true;system;249
250;General TreatmentPlan;true;system;250
251;General TreatmentPlan;true;system;251
252;General TreatmentPlan;true;system;252
253;General TreatmentPlan;true;system;253
254;General TreatmentPlan;true;system;254
255;General TreatmentPlan;true;system;255
256;General TreatmentPlan;true;system;256
257;General TreatmentPlan;true;system;257
258;General TreatmentPlan;true;system;258
259;General TreatmentPlan;true;system;259
260;General TreatmentPlan;true;system;260
261;General TreatmentPlan;true;system;261
262;General TreatmentPlan;true;system;262
263;General TreatmentPlan;true;system;263
264;General TreatmentPlan;true;system;264
265;General TreatmentPlan;true;system;265
266;General TreatmentPlan;true;system;266
267;General TreatmentPlan;true;system;267
268;General TreatmentPlan;true;system;268
269;General TreatmentPlan;true;system;269
270;General TreatmentPlan;true;system;270
271;General TreatmentPlan;true;system;271
272;General TreatmentPlan;true;system;272
273;General TreatmentPlan;true;system;273
274;General TreatmentPlan;true;system;274
275;General TreatmentPlan;true;system;275
276;General TreatmentPlan;true;system;276
277;General TreatmentPlan;true;system;277
278;General TreatmentPlan;true;system;278
279;General TreatmentPlan;true;system;279
280;General TreatmentPlan;true;system;280
281;General TreatmentPlan;true;system;281
282;General TreatmentPlan;true;system;282
283;General TreatmentPlan;true;system;283
284;General TreatmentPlan;true;system;284
285;General TreatmentPlan;true;system;285
286;General TreatmentPlan;true;system;286
287;General TreatmentPlan;true;system;287
288;General TreatmentPlan;true;system;288
289;General TreatmentPlan;true;system;289
290;General TreatmentPlan;true;system;290
291;General TreatmentPlan;true;system;291
292;General TreatmentPlan;true;system;292
293;General TreatmentPlan;true;system;293
294;General TreatmentPlan;true;system;294
295;General TreatmentPlan;true;system;295
296;General TreatmentPlan;true;system;296
297;General TreatmentPlan;true;system;297
298;General TreatmentPlan;true;system;298
299;General TreatmentPlan;true;system;299
300;General TreatmentPlan;true;system;300
301;General TreatmentPlan;true;system;301
302;General TreatmentPlan;true;system;302
303;General TreatmentPlan;true;system;303
304;General TreatmentPlan;true;system;304
305;General TreatmentPlan;true;system;305
306;General TreatmentPlan;true;system;306
307;General TreatmentPlan;true;system;307
308;General TreatmentPlan;true;system;308
309;General TreatmentPlan;true;system;309
310;General TreatmentPlan;true;system;310
311;General TreatmentPlan;true;system;311
312;General TreatmentPlan;true;system;312
313;General TreatmentPlan;true;system;313
314;General TreatmentPlan;true;system;314
315;General TreatmentPlan;true;system;315
316;General TreatmentPlan;true;system;316
317;General TreatmentPlan;true;system;317
318;General TreatmentPlan;true;system;318
319;General TreatmentPlan;true;system;319
320;General TreatmentPlan;true;system;320
321;General TreatmentPlan;true;system;321
322;General TreatmentPlan;true;system;322
323;General TreatmentPlan;true;system;323
324;General TreatmentPlan;true;system;324
325;General TreatmentPlan;true;system;325
326;General TreatmentPlan;true;system;326
327;General TreatmentPlan;true;system;327
328;General TreatmentPlan;true;system;328
329;General TreatmentPlan;true;system;329
330;General TreatmentPlan;true;system;330
331;General TreatmentPlan;true;system;331
332;General TreatmentPlan;true;system;332
333;General TreatmentPlan;true;system;333
334;General TreatmentPlan;true;system;334
335;General TreatmentPlan;true;system;335
336;General TreatmentPlan;true;system;336
337;General TreatmentPlan;true;system;337
338;General TreatmentPlan;true;system;338
339;General TreatmentPlan;true;system;339
340;General TreatmentPlan;true;system;340
341;General TreatmentPlan;true;system;341
342;General TreatmentPlan;true;system;342
343;General TreatmentPlan;true;system;343
344;General TreatmentPlan;true;system;344
345;General TreatmentPlan;true;system;345
346;General TreatmentPlan;true;system;346
347;General TreatmentPlan;true;system;347
348;General TreatmentPlan;true;system;348
349;General TreatmentPlan;true;system;349
350;General TreatmentPlan;true;system;350
351;General TreatmentPlan;true;system;351
352;General TreatmentPlan;true;system;352
353;General TreatmentPlan;true;system;353
354;General TreatmentPlan;true;system;354
355;General TreatmentPlan;true;system;355
356;General TreatmentPlan;true;system;356
357;General TreatmentPlan;true;system;357
358;General TreatmentPlan;true;system;358
359;General TreatmentPlan;true;system;359
360;General TreatmentPlan;true;system;360
361;General TreatmentPlan;true;system;361
362;General TreatmentPlan;true;system;362
363;General TreatmentPlan;true;system;363
364;General TreatmentPlan;true;system;364
365;General TreatmentPlan;true;system;365
366;General TreatmentPlan;true;system;366
367;General TreatmentPlan;true;system;367
368;General TreatmentPlan;true;system;368
369;General TreatmentPlan;true;system;369
370;General TreatmentPlan;true;system;370
371;General TreatmentPlan;true;system;371
372;General TreatmentPlan;true;system;372
373;General TreatmentPlan;true;system;373
374;General TreatmentPlan;true;system;374
375;General TreatmentPlan;true;system;375
376;General TreatmentPlan;true;system;376
377;General TreatmentPlan;true;system;377
378;General TreatmentPlan;true;system;378
379;General TreatmentPlan;true;system;379
380;General TreatmentPlan;true;system;380
381;General TreatmentPlan;true;system;381
382;General TreatmentPlan;true;system;382
383;General TreatmentPlan;true;system;383
384;General TreatmentPlan;true;system;384
385;General TreatmentPlan;true;system;385
386;General TreatmentPlan;true;system;386
387;General TreatmentPlan;true;system;387
388;General TreatmentPlan;true;system;388
389;General TreatmentPlan;true;system;389
390;General TreatmentPlan;true;system;390
391;General TreatmentPlan;true;system;391
392;General TreatmentPlan;true;system;392
393;General TreatmentPlan;true;system;393
394;General TreatmentPlan;true;system;394
395;General TreatmentPlan;true;system;395
396;General TreatmentPlan;true;system;396
397;General TreatmentPlan;true;system;397
398;General TreatmentPlan;true;system;398
399;General TreatmentPlan;true;system;399
400;General TreatmentPlan;true;system;400
401;General TreatmentPlan;true;system;401
402;General TreatmentPlan;true;system;402
403;General TreatmentPlan;true;system;403
404;General TreatmentPlan;true;system;404
405;General TreatmentPlan;true;system;405
406;General TreatmentPlan;true;system;406
407;General TreatmentPlan;true;system;407
408;General TreatmentPlan;true;system;408
409;General TreatmentPlan;true;system;409
410;General TreatmentPlan;true;system;410
411;General TreatmentPlan;true;system;411
412;General TreatmentPlan;true;system;412
413;General TreatmentPlan;true;system;413
414;General TreatmentPlan;true;system;414
415;General TreatmentPlan;true;system;415
416;General TreatmentPlan;true;system;416
417;General TreatmentPlan;true;system;417
418;General TreatmentPlan;true;system;418
419;General TreatmentPlan;true;system;419
420;General TreatmentPlan;true;system;420
421;General TreatmentPlan;true;system;421
422;General TreatmentPlan;true;system;422
423;General TreatmentPlan;true;system;423
424;General TreatmentPlan;true;system;424
425;General TreatmentPlan;true;system;425
426;General TreatmentPlan;true;system;426
427;General TreatmentPlan;true;system;427
428;General TreatmentPlan;true;system;428
429;General TreatmentPlan;true;system;429
430;General TreatmentPlan;true;system;430
431;General TreatmentPlan;true;system;431
432;General TreatmentPlan;true;system;432
433;General TreatmentPlan;true;system;433
434;General TreatmentPlan;true;system;434
435;General TreatmentPlan;true;system;435
436;General TreatmentPlan;true;system;436
437;General TreatmentPlan;true;system;437
438;General TreatmentPlan;true;system;438
439;General TreatmentPlan;true;system;439
440;General TreatmentPlan;true;system;440
441;General TreatmentPlan;true;system;441
442;General TreatmentPlan;true;system;442
443;General TreatmentPlan;true;system;443
444;General TreatmentPlan;true;system;444
445;General TreatmentPlan;true;system;445
446;General TreatmentPlan;true;system;446
447;General TreatmentPlan;true;system;447
448;General TreatmentPlan;true;system;448
449;General TreatmentPlan;true;system;449
450;General TreatmentPlan;true;system;450
451;General TreatmentPlan;true;system;451
452;General TreatmentPlan;true;system;452
453;General TreatmentPlan;true;system;453
454;General TreatmentPlan;true;system;454
455;General TreatmentPlan;true;system;455
456;General TreatmentPlan;true;system;456
457;General TreatmentPlan;true;system;457
458;General TreatmentPlan;true;system;458
459;General TreatmentPlan;true;system;459
460;General TreatmentPlan;true;system;460
461;General TreatmentPlan;true;system;461
462;General TreatmentPlan;true;system;462
463;General TreatmentPlan;true;system;463
464;General TreatmentPlan;true;system;464
465;General TreatmentPlan;true;system;465
466;General TreatmentPlan;true;system;466
467;General TreatmentPlan;true;system;467
468;General TreatmentPlan;true;system;468
469;General TreatmentPlan;true;system;469
470;General TreatmentPlan;true;system;470
471;General TreatmentPlan;true;system;471
472;General TreatmentPlan;true;system;472
473;General TreatmentPlan;true;system;473
474;General TreatmentPlan;true;system;474
475;General TreatmentPlan;true;system;475
476;General TreatmentPlan;true;system;476
477;General TreatmentPlan;true;system;477
478;General TreatmentPlan;true;system;478
479;General TreatmentPlan;true;system;479
480;General TreatmentPlan;true;system;480
481;General TreatmentPlan;true;system;481
482;General TreatmentPlan;true;system;482
483;General TreatmentPlan;true;system;483
484;General TreatmentPlan;true;system;484
485;General TreatmentPlan;true;system;485
486;General TreatmentPlan;true;system;486
487;General TreatmentPlan;true;system;487
488;General TreatmentPlan;true;system;488
489;General TreatmentPlan;true;system;489
490;General TreatmentPlan;true;system;490
491;General TreatmentPlan;true;system;491
492;General TreatmentPlan;true;system;492
493;General TreatmentPlan;true;system;493
494;General TreatmentPlan;true;system;494
495;General TreatmentPlan;true;system;495
496;General TreatmentPlan;true;system;496
497;General TreatmentPlan;true;system;497
498;General TreatmentPlan;true;system;498
499;General TreatmentPlan;true;system;499
500;General TreatmentPlan;true;system;500
501;General TreatmentPlan;true;system;501
502;General TreatmentPlan;true;system;502
503;General TreatmentPlan;true;system;503
504;General TreatmentPlan;true;system;504
505;General TreatmentPlan;true;system;505
506;General TreatmentPlan;true;system;506
507;General TreatmentPlan;true;system;507
508;General TreatmentPlan;true;system;508
509;General TreatmentPlan;true;system;509
510;General TreatmentPlan;true;system;510
511;General TreatmentPlan;true;system;511
512;General TreatmentPlan;true;system;512
513;General TreatmentPlan;true;system;513
514;General TreatmentPlan;true;system;514
515;General TreatmentPlan;true;system;515
516;General TreatmentPlan;true;system;516
517;General TreatmentPlan;true;system;517
518;General TreatmentPlan;true;system;518
519;General TreatmentPlan;true;system;519
520;General TreatmentPlan;true;system;520
521;General TreatmentPlan;true;system;521
522;General TreatmentPlan;true;system;522
523;General TreatmentPlan;true;system;523
524;General TreatmentPlan;true;system;524
525;General TreatmentPlan;true;system;525
526;General TreatmentPlan;true;system;526
527;General TreatmentPlan;true;system;527
528;General TreatmentPlan;true;system;528
529;General TreatmentPlan;true;system;529
530;General TreatmentPlan;true;system;530
531;General TreatmentPlan;true;system;531
532;General TreatmentPlan;true;system;532
533;General TreatmentPlan;true;system;533
534;General TreatmentPlan;true;system;534
535;General TreatmentPlan;true;system;535
536;General TreatmentPlan;true;system;536
537;General TreatmentPlan;true;system;537
538;General TreatmentPlan;true;system;538
539;General TreatmentPlan;true;system;539
540;General TreatmentPlan;true;system;540
541;General TreatmentPlan;true;system;541
542;General TreatmentPlan;true;system;542
543;General TreatmentPlan;true;system;543
544;General TreatmentPlan;true;system;544
545;General TreatmentPlan;true;system;545
546;General TreatmentPlan;true;system;546
547;General TreatmentPlan;true;system;547
548;General TreatmentPlan;true;system;548
549;General TreatmentPlan;true;system;549
550;General TreatmentPlan;true;system;550
551;General TreatmentPlan;true;system;551
552;General TreatmentPlan;true;system;552
553;General TreatmentPlan;true;system;553
554;General TreatmentPlan;true;system;554
555;General TreatmentPlan;true;system;555
556;General TreatmentPlan;true;system;556
557;General TreatmentPlan;true;system;557
558;General TreatmentPlan;true;system;558
559;General TreatmentPlan;true;system;559
560;General TreatmentPlan;true;system;560
561;General TreatmentPlan;true;system;561
562;General TreatmentPlan;true;system;562
563;General TreatmentPlan;true;system;563
564;General TreatmentPlan;true;system;564
565;General TreatmentPlan;true;system;565
566;General TreatmentPlan;true;system;566
567;General TreatmentPlan;true;system;567
568;General TreatmentPlan;true;system;568
569;General TreatmentPlan;true;system;569
570;General TreatmentPlan;true;system;570
571;General TreatmentPlan;true;system;571
572;General TreatmentPlan;true;system;572
573;General TreatmentPlan;true;system;573
574;General TreatmentPlan;true;system;574
575;General TreatmentPlan;true;system;575
576;General TreatmentPlan;true;system;576
577;General TreatmentPlan;true;system;577
578;General TreatmentPlan;true;system;578
579;General TreatmentPlan;true;system;579
580;General TreatmentPlan;true;system;580
581;General TreatmentPlan;true;system;581
582;General TreatmentPlan;true;system;582
583;General TreatmentPlan;true;system;583
584;General TreatmentPlan;true;system;584
585;General TreatmentPlan;true;system;585
586;General TreatmentPlan;true;system;586
587;General TreatmentPlan;true;system;587
588;General TreatmentPlan;true;system;588
589;General TreatmentPlan;true;system;589
590;General TreatmentPlan;true;system;590
591;General TreatmentPlan;true;system;591
592;General TreatmentPlan;true;system;592
593;General TreatmentPlan;true;system;593
594;General TreatmentPlan;true;system;594
595;General TreatmentPlan;true;system;595
596;General TreatmentPlan;true;system;596
597;General TreatmentPlan;true;system;597
598;General TreatmentPlan;true;system;598
599;General TreatmentPlan;true;system;599
600;General TreatmentPlan;true;system;600
601;General TreatmentPlan;true;system;601
602;General TreatmentPlan;true;system;602
603;General TreatmentPlan;true;system;603
604;General TreatmentPlan;true;system;604
605;General TreatmentPlan;true;system;605
606;General TreatmentPlan;true;system;606
607;General TreatmentPlan;true;system;607
608;General TreatmentPlan;true;system;608
609;General TreatmentPlan;true;system;609
610;General TreatmentPlan;true;system;610
611;General TreatmentPlan;true;system;611
612;General TreatmentPlan;true;system;612
613;General TreatmentPlan;true;system;613
614;General TreatmentPlan;true;system;614
615;General TreatmentPlan;true;system;615
616;General TreatmentPlan;true;system;616
617;General TreatmentPlan;true;system;617
618;General TreatmentPlan;true;system;618
619;General TreatmentPlan;true;system;619
620;General TreatmentPlan;true;system;620
621;General TreatmentPlan;true;system;621
622;General TreatmentPlan;true;system;622
623;General TreatmentPlan;true;system;623
624;General TreatmentPlan;true;system;624
625;General TreatmentPlan;true;system;625
626;General TreatmentPlan;true;system;626
627;General TreatmentPlan;true;system;627
628;General TreatmentPlan;true;system;628
629;General TreatmentPlan;true;system;629
630;General TreatmentPlan;true;system;630
631;General TreatmentPlan;true;system;631
632;General TreatmentPlan;true;system;632
633;General TreatmentPlan;true;system;633
634;General TreatmentPlan;true;system;634
635;General TreatmentPlan;true;system;635
636;General TreatmentPlan;true;system;636
637;General TreatmentPlan;true;system;637
638;General TreatmentPlan;true;system;638
639;General TreatmentPlan;true;system;639
640;General TreatmentPlan;true;system;640
641;General TreatmentPlan;true;system;641
642;General TreatmentPlan;true;system;642
643;General TreatmentPlan;true;system;643
644;General TreatmentPlan;true;system;644
645;General TreatmentPlan;true;system;645
646;General TreatmentPlan;true;system;646
647;General TreatmentPlan;true;system;647
648;General TreatmentPlan;true;system;648
649;General TreatmentPlan;true;system;649
650;General TreatmentPlan;true;system;650
651;General TreatmentPlan;true;system;651
652;General TreatmentPlan;true;system;652
653;General TreatmentPlan;true;system;653
654;General TreatmentPlan;true;system;654
655;General TreatmentPlan;true;system;655
656;General TreatmentPlan;true;system;656
657;General TreatmentPlan;true;system;657
658;General TreatmentPlan;true;system;658
659;General TreatmentPlan;true;system;659
660;General TreatmentPlan;true;system;660
661;General TreatmentPlan;true;system;661
662;General TreatmentPlan;true;system;662
663;General TreatmentPlan;true;system;663
664;General TreatmentPlan;true;system;664
665;General TreatmentPlan;true;system;665
666;General TreatmentPlan;true;system;666
667;General TreatmentPlan;true;system;667
668;General TreatmentPlan;true;system;668
669;General TreatmentPlan;true;system;669
670;General TreatmentPlan;true;system;670
671;General TreatmentPlan;true;system;671
672;General TreatmentPlan;true;system;672
673;General TreatmentPlan;true;system;673
674;General TreatmentPlan;true;system;674
675;General TreatmentPlan;true;system;675
676;General TreatmentPlan;true;system;676
677;General TreatmentPlan;true;system;677
678;General TreatmentPlan;true;system;678
679;General TreatmentPlan;true;system;679
680;General TreatmentPlan;true;system;680
681;General TreatmentPlan;true;system;681
682;General TreatmentPlan;true;system;682
683;General TreatmentPlan;true;system;683
684;General TreatmentPlan;true;system;684
685;General TreatmentPlan;true;system;685
686;General TreatmentPlan;true;system;686
687;General TreatmentPlan;true;system;687
688;General TreatmentPlan;true;system;688
689;General TreatmentPlan;true;system;689
690;General TreatmentPlan;true;system;690
691;General TreatmentPlan;true;system;691
692;General TreatmentPlan;true;system;692
693;General TreatmentPlan;true;system;693
694;General TreatmentPlan;true;system;694
695;General TreatmentPlan;true;system;695
696;General TreatmentPlan;true;system;696
697;General TreatmentPlan;true;system;697
698;General TreatmentPlan;true;system;698
699;General TreatmentPlan;true;system;699
700;General TreatmentPlan;true;system;700
701;General TreatmentPlan;true;system;701
702;General TreatmentPlan;true;system;702
703;General TreatmentPlan;true;system;703
704;General TreatmentPlan;true;system;704
705;General TreatmentPlan;true;system;705
706;General TreatmentPlan;true;system;706
707;General TreatmentPlan;true;system;707
708;General TreatmentPlan;true;system;708
709;General TreatmentPlan;true;system;709
710;General TreatmentPlan;true;system;710
711;General TreatmentPlan;true;system;711
712;General TreatmentPlan;true;system;712
713;General TreatmentPlan;true;system;713
714;General TreatmentPlan;true;system;714
715;General TreatmentPlan;true;system;715
716;General TreatmentPlan;true;system;716
717;General TreatmentPlan;true;system;717
718;General TreatmentPlan;true;system;718
719;General TreatmentPlan;true;system;719
720;General TreatmentPlan;true;system;720
721;General TreatmentPlan;true;system;721
722;General TreatmentPlan;true;system;722
723;General TreatmentPlan;true;system;723
724;General TreatmentPlan;true;system;724
725;General TreatmentPlan;true;system;725
726;General TreatmentPlan;true;system;726
727;General TreatmentPlan;true;system;727
728;General TreatmentPlan;true;system;728
729;General TreatmentPlan;true;system;729
730;General TreatmentPlan;true;system;730
731;General TreatmentPlan;true;system;731
732;General TreatmentPlan;true;system;732
733;General TreatmentPlan;true;system;733
734;General TreatmentPlan;true;system;734
735;General TreatmentPlan;true;system;735
736;General TreatmentPlan;true;system;736
737;General TreatmentPlan;true;system;737
738;General TreatmentPlan;true;system;738
739;General TreatmentPlan;true;system;739
740;General TreatmentPlan;true;system;740
741;General TreatmentPlan;true;system;741
742;General TreatmentPlan;true;system;742
743;General TreatmentPlan;true;system;743
744;General TreatmentPlan;true;system;744
745;General TreatmentPlan;true;system;745
746;General TreatmentPlan;true;system;746
747;General TreatmentPlan;true;system;747
748;General TreatmentPlan;true;system;748
749;General TreatmentPlan;true;system;749
750;General TreatmentPlan;true;system;750
751;General TreatmentPlan;true;system;751
752;General TreatmentPlan;true;system;752
753;General TreatmentPlan;true;system;753
754;General TreatmentPlan;true;system;754
755;General TreatmentPlan;true;system;755
756;General TreatmentPlan;true;system;756
757;General TreatmentPlan;true;system;757
758;General TreatmentPlan;true;system;758
759;General TreatmentPlan;true;system;759
760;General TreatmentPlan;true;system;760
761;General TreatmentPlan;true;system;761
762;General TreatmentPlan;true;system;762
763;General TreatmentPlan;true;system;763
764;General TreatmentPlan;true;system;764
765;General TreatmentPlan;true;system;765
766;General TreatmentPlan;true;system;766
767;General TreatmentPlan;true;system;767
768;General TreatmentPlan;true;system;768
769;General TreatmentPlan;true;system;769
770;General TreatmentPlan;true;system;770
771;General TreatmentPlan;true;system;771
772;General TreatmentPlan;true;system;772
773;General TreatmentPlan;true;system;773
774;General TreatmentPlan;true;system;774
775;General TreatmentPlan;true;system;775
776;General TreatmentPlan;true;system;776
777;General TreatmentPlan;true;system;777
778;General TreatmentPlan;true;system;778
779;General TreatmentPlan;true;system;779
780;General TreatmentPlan;true;system;780
781;General TreatmentPlan;true;system;781
782;General TreatmentPlan;true;system;782
783;General TreatmentPlan;true;system;783
784;General TreatmentPlan;true;system;784
785;General TreatmentPlan;true;system;785
786;General TreatmentPlan;true;system;786
787;General TreatmentPlan;true;system;787
788;General TreatmentPlan;true;system;788
789;General TreatmentPlan;true;system;789
790;General TreatmentPlan;true;system;790
791;General TreatmentPlan;true;system;791
792;General TreatmentPlan;true;system;792
793;General TreatmentPlan;true;system;793
794;General TreatmentPlan;true;system;794
795;General TreatmentPlan;true;system;795
796;General TreatmentPlan;true;system;796
797;General TreatmentPlan;true;system;797
798;General TreatmentPlan;true;system;798
799;General TreatmentPlan;true;system;799
800;General TreatmentPlan;true;system;800
801;General TreatmentPlan;true;system;801
802;General TreatmentPlan;true;system;802
803;General TreatmentPlan;true;system;803
804;General TreatmentPlan;true;system;804
805;General TreatmentPlan;true;system;805
806;General TreatmentPlan;true;system;806
807;General TreatmentPlan;true;system;807
808;General TreatmentPlan;true;system;808
809;General TreatmentPlan;true;system;809
810;General TreatmentPlan;true;system;810
811;General TreatmentPlan;true;system;811
812;General TreatmentPlan;true;system;812
813;General TreatmentPlan;true;system;813
814;General TreatmentPlan;true;system;814
815;General TreatmentPlan;true;system;815
816;General TreatmentPlan;true;system;816
817;General TreatmentPlan;true;system;817
818;General TreatmentPlan;true;system;818
819;General TreatmentPlan;true;system;819
820;General TreatmentPlan;true;system;820
821;General TreatmentPlan;true;system;821
822;General TreatmentPlan;true;system;822
823;General TreatmentPlan;true;system;823
824;General TreatmentPlan;true;system;824
825;General TreatmentPlan;true;system;825
826;General TreatmentPlan;true;system;826
827;General TreatmentPlan;true;system;827
828;General TreatmentPlan;true;system;828
829;General TreatmentPlan;true;system;829
830;General TreatmentPlan;true;system;830
831;General TreatmentPlan;true;system;831
832;General TreatmentPlan;true;system;832
833;General TreatmentPlan;true;system;833
834;General TreatmentPlan;true;system;834
835;General TreatmentPlan;true;system;835
836;General TreatmentPlan;true;system;836
837;General TreatmentPlan;true;system;837
838;General TreatmentPlan;true;system;838
839;General TreatmentPlan;true;system;839
840;General TreatmentPlan;true;system;840
841;General TreatmentPlan;true;system;841
842;General TreatmentPlan;true;system;842
843;General TreatmentPlan;true;system;843
844;General TreatmentPlan;true;system;844
845;General TreatmentPlan;true;system;845
846;General TreatmentPlan;true;system;846
847;General TreatmentPlan;true;system;847
848;General TreatmentPlan;true;system;848
849;General TreatmentPlan;true;system;849
850;General TreatmentPlan;true;system;850
851;General TreatmentPlan;true;system;851
852;General TreatmentPlan;true;system;852
853;General TreatmentPlan;true;system;853
854;General TreatmentPlan;true;system;854
855;General TreatmentPlan;true;system;855
856;General TreatmentPlan;true;system;856
857;General TreatmentPlan;true;system;857
858;General TreatmentPlan;true;system;858
859;General TreatmentPlan;true;system;859
860;General TreatmentPlan;true;system;860
861;General TreatmentPlan;true;system;861
862;General TreatmentPlan;true;system;862
863;General TreatmentPlan;true;system;863
864;General TreatmentPlan;true;system;864
865;General TreatmentPlan;true;system;865
866;General TreatmentPlan;true;system;866
867;General TreatmentPlan;true;system;867
868;General TreatmentPlan;true;system;868
869;General TreatmentPlan;true;system;869
870;General TreatmentPlan;true;system;870
871;General TreatmentPlan;true;system;871
872;General TreatmentPlan;true;system;872
873;General TreatmentPlan;true;system;873
874;General TreatmentPlan;true;system;874
875;General TreatmentPlan;true;system;875
876;General TreatmentPlan;true;system;876
877;General TreatmentPlan;true;system;877
878;General TreatmentPlan;true;system;878
879;General TreatmentPlan;true;system;879
880;General TreatmentPlan;true;system;880
881;General TreatmentPlan;true;system;881
882;General TreatmentPlan;true;system;882
883;General TreatmentPlan;true;system;883
884;General TreatmentPlan;true;system;884
885;General TreatmentPlan;true;system;885
886;General TreatmentPlan;true;system;886
887;General TreatmentPlan;true;system;887
888;General TreatmentPlan;true;system;888
889;General TreatmentPlan;true;system;889
890;General TreatmentPlan;true;system;890
891;General TreatmentPlan;true;system;891
892;General TreatmentPlan;true;system;892
893;General TreatmentPlan;true;system;893
894;General TreatmentPlan;true;system;894
895;General TreatmentPlan;true;system;895
896;General TreatmentPlan;true;system;896
897;General TreatmentPlan;true;system;897
898;General TreatmentPlan;true;system;898
899;General TreatmentPlan;true;system;899
900;General TreatmentPlan;true;system;900
901;General TreatmentPlan;true;system;901
902;General TreatmentPlan;true;system;902
903;General TreatmentPlan;true;system;903
904;General TreatmentPlan;true;system;904
905;General TreatmentPlan;true;system;905
906;General TreatmentPlan;true;system;906
907;General TreatmentPlan;true;system;907
908;General TreatmentPlan;true;system;908
909;General TreatmentPlan;true;system;909
910;General TreatmentPlan;true;system;910
911;General TreatmentPlan;true;system;911
912;General TreatmentPlan;true;system;912
913;General TreatmentPlan;true;system;913
914;General TreatmentPlan;true;system;914
915;General TreatmentPlan;true;system;915
916;General TreatmentPlan;true;system;916
917;General TreatmentPlan;true;system;917
918;General TreatmentPlan;true;system;918
919;General TreatmentPlan;true;system;919
920;General TreatmentPlan;true;system;920
921;General TreatmentPlan;true;system;921
922;General TreatmentPlan;true;system;922
923;General TreatmentPlan;true;system;923
924;General TreatmentPlan;true;system;924
925;General TreatmentPlan;true;system;925
926;General TreatmentPlan;true;system;926
927;General TreatmentPlan;true;system;927
928;General TreatmentPlan;true;system;928
929;General TreatmentPlan;true;system;929
930;General TreatmentPlan;true;system;930
931;General TreatmentPlan;true;system;931
932;General TreatmentPlan;true;system;932
933;General TreatmentPlan;true;system;933
934;General TreatmentPlan;true;system;934
935;General TreatmentPlan;true;system;935
936;General TreatmentPlan;true;system;936
937;General TreatmentPlan;true;system;937
938;General TreatmentPlan;true;system;938
939;General TreatmentPlan;true;system;939
940;General TreatmentPlan;true;system;940
941;General TreatmentPlan;true;system;941
942;General TreatmentPlan;true;system;942
943;General TreatmentPlan;true;system;943
944;General TreatmentPlan;true;system;944
945;General TreatmentPlan;true;system;945
946;General TreatmentPlan;true;system;946
947;General TreatmentPlan;true;system;947
948;General TreatmentPlan;true;system;948
949;General TreatmentPlan;true;system;949
950;General TreatmentPlan;true;system;950
951;General TreatmentPlan;true;system;951
952;General TreatmentPlan;true;system;952
953;General TreatmentPlan;true;system;953
954;General TreatmentPlan;true;system;954
955;General TreatmentPlan;true;system;955
956;General TreatmentPlan;true;system;956
957;General TreatmentPlan;true;system;957
958;General TreatmentPlan;true;system;958
959;General TreatmentPlan;true;system;959
960;General TreatmentPlan;true;system;960
961;General TreatmentPlan;true;system;961
962;General TreatmentPlan;true;system;962
963;General TreatmentPlan;true;system;963
964;General TreatmentPlan;true;system;964
965;General TreatmentPlan;true;system;965
966;General TreatmentPlan;true;system;966
967;General TreatmentPlan;true;system;967
968;General TreatmentPlan;true;system;968
969;General TreatmentPlan;true;system;969
970;General TreatmentPlan;true;system;970
971;General TreatmentPlan;true;system;971
972;General TreatmentPlan;true;system;972
973;General TreatmentPlan;true;system;973
974;General TreatmentPlan;true;system;974
975;General TreatmentPlan;true;system;975
976;General TreatmentPlan;true;system;976
977;General TreatmentPlan;true;system;977
978;General TreatmentPlan;true;system;978
979;General TreatmentPlan;true;system;979
980;General TreatmentPlan;true;system;980
981;General TreatmentPlan;true;system;981
982;General TreatmentPlan;true;system;982
983;General TreatmentPlan;true;system;983
984;General TreatmentPlan;true;system;984
985;General TreatmentPlan;true;system;985
986;General TreatmentPlan;true;system;986
987;General TreatmentPlan;true;system;987
988;General TreatmentPlan;true;system;988
989;General TreatmentPlan;true;system;989
990;General TreatmentPlan;true;system;990
991;General TreatmentPlan;true;system;991
992;General TreatmentPlan;true;system;992
993;General TreatmentPlan;true;system;993
994;General TreatmentPlan;true;system;994
995;General TreatmentPlan;true;system;995
996;General TreatmentPlan;true;system;996
997;General TreatmentPlan;true;system;997
998;General TreatmentPlan;true;system;998
999;General TreatmentPlan;true;system;999
1000;General TreatmentPlan;true;system;1000
1001;General TreatmentPlan;true;system;1001
1002;General TreatmentPlan;true;system;1002
1003;General TreatmentPlan;true;system;1003
1004;General TreatmentPlan;true;system;1004
1005;General TreatmentPlan;true;system;1005
1006;General TreatmentPlan;true;system;1006
1007;General TreatmentPlan;true;system;1007
1008;General TreatmentPlan;true;system;1008
1009;General TreatmentPlan;true;system;1009
1010;General TreatmentPlan;true;system;1010
1011;General TreatmentPlan;true;system;1011
1012;General TreatmentPlan;true;system;1012
1013;General TreatmentPlan;true;system;1013
1014;General TreatmentPlan;true;system;1014
1015;General TreatmentPlan;true;system;1015
1016;General TreatmentPlan;true;system;1016
1017;General TreatmentPlan;true;system;1017
1018;General TreatmentPlan;true;system;1018
1019;General TreatmentPlan;true;system;1019
1020;General TreatmentPlan;true;system;1020
1021;General TreatmentPlan;true;system;1021
1022;General TreatmentPlan;true;system;1022
1023;General TreatmentPlan;true;system;1023
1024;General TreatmentPlan;true;system;1024
1025;General TreatmentPlan;true;system;1025
1026;General TreatmentPlan;true;system;1026
1027;General TreatmentPlan;true;system;1027
1028;General TreatmentPlan;true;system;1028
1029;General TreatmentPlan;true;system;1029
1030;General TreatmentPlan;true;system;1030
1031;General TreatmentPlan;true;system;1031
1032;General TreatmentPlan;true;system;1032
1033;General TreatmentPlan;true;system;1033
1034;General TreatmentPlan;true;system;1034
1035;General TreatmentPlan;true;system;1035
1036;General TreatmentPlan;true;system;1036
1037;General TreatmentPlan;true;system;1037
1038;General TreatmentPlan;true;system;1038
1039;General TreatmentPlan;true;system;1039
1040;General TreatmentPlan;true;system;1040
1041;General TreatmentPlan;true;system;1041
1042;General TreatmentPlan;true;system;1042
1043;General TreatmentPlan;true;system;1043
1044;General TreatmentPlan;true;system;1044
1045;General TreatmentPlan;true;system;1045
1046;General TreatmentPlan;true;system;1046
1047;General TreatmentPlan;true;system;1047
1048;General TreatmentPlan;true;system;1048
1049;General TreatmentPlan;true;system;1049
1050;General TreatmentPlan;true;system;1050
1051;General TreatmentPlan;true;system;1051
1052;General TreatmentPlan;true;system;1052
1053;General TreatmentPlan;true;system;1053
1054;General TreatmentPlan;true;system;1054
1055;General TreatmentPlan;true;system;1055
1056;General TreatmentPlan;true;system;1056
1057;General TreatmentPlan;true;system;1057
1058;General TreatmentPlan;true;system;1058
1059;General TreatmentPlan;true;system;1059
1060;General TreatmentPlan;true;system;1060
1061;General TreatmentPlan;true;system;1061
1062;General TreatmentPlan;true;system;1062
1063;General TreatmentPlan;true;system;1063
1064;General TreatmentPlan;true;system;1064
1065;General TreatmentPlan;true;system;1065
1066;General TreatmentPlan;true;system;1066
1067;General TreatmentPlan;true;system;1067
1068;General TreatmentPlan;true;system;1068
1069;General TreatmentPlan;true;system;1069
1070;General TreatmentPlan;true;system;1070
1071;General TreatmentPlan;true;system;1071
1072;General TreatmentPlan;true;system;1072
1073;General TreatmentPlan;true;system;1073
1074;General TreatmentPlan;true;system;1074
1075;General TreatmentPlan;true;system;1075
1076;General TreatmentPlan;true;system;1076
1077;General TreatmentPlan;true;system;1077
1078;General TreatmentPlan;true;system;1078
1079;General TreatmentPlan;true;system;1079
1080;General TreatmentPlan;true;system;1080
1081;General TreatmentPlan;true;system;1081
1082;General TreatmentPlan;true;system;1082
1083;General TreatmentPlan;true;system;1083
1084;General TreatmentPlan;true;system;1084
1085;General TreatmentPlan;true;system;1085
1086;General TreatmentPlan;true;system;1086
1087;General TreatmentPlan;true;system;1087
1088;General TreatmentPlan;true;system;1088
1089;General TreatmentPlan;true;system;1089
1090;General TreatmentPlan;true;system;1090
1091;General TreatmentPlan;true;system;1091
1092;General TreatmentPlan;true;system;1092
1093;General TreatmentPlan;true;system;1093
1094;General TreatmentPlan;true;system;1094
1095;General TreatmentPlan;true;system;1095
1096;General TreatmentPlan;true;system;1096
1097;General TreatmentPlan;true;system;1097
1098;General TreatmentPlan;true;system;1098
1099;General TreatmentPlan;true;system;1099
1100;General TreatmentPlan;true;system;1100
1101;General TreatmentPlan;true;system;1101
1102;General TreatmentPlan;true;system;1102
1103;General TreatmentPlan;true;system;1103
1104;General TreatmentPlan;true;system;1104
1105;General TreatmentPlan;true;system;1105
1106;General TreatmentPlan;true;system;1106
1107;General TreatmentPlan;true;system;1107
1108;General TreatmentPlan;true;system;1108
1109;General TreatmentPlan;true;system;1109
1110;General TreatmentPlan;true;system;1110
1111;General TreatmentPlan;true;system;1111
1112;General TreatmentPlan;true;system;1112
1113;General TreatmentPlan;true;system;1113
1114;General TreatmentPlan;true;system;1114
1115;General TreatmentPlan;true;system;1115
1116;General TreatmentPlan;true;system;1116
1117;General TreatmentPlan;true;system;1117
1118;General TreatmentPlan;true;system;1118
1119;General TreatmentPlan;true;system;1119
1120;General TreatmentPlan;true;system;1120
1121;General TreatmentPlan;true;system;1121
1122;General TreatmentPlan;true;system;1122
1123;General TreatmentPlan;true;system;1123
1124;General TreatmentPlan;true;system;1124
1125;General TreatmentPlan;true;system;1125
1126;General TreatmentPlan;true;system;1126
1127;General TreatmentPlan;true;system;1127
1128;General TreatmentPlan;true;system;1128
1129;General TreatmentPlan;true;system;1129
1130;General TreatmentPlan;true;system;1130
1131;General TreatmentPlan;true;system;1131
1132;General TreatmentPlan;true;system;1132
1133;General TreatmentPlan;true;system;1133
1134;General TreatmentPlan;true;system;1134
1135;General TreatmentPlan;true;system;1135
1136;General TreatmentPlan;true;system;1136
1137;General TreatmentPlan;true;system;1137
1138;General TreatmentPlan;true;system;1138
1139;General TreatmentPlan;true;system;1139
1140;General TreatmentPlan;true;system;1140
1141;General TreatmentPlan;true;system;1141
1142;General TreatmentPlan;true;system;1142
1143;General TreatmentPlan;true;system;1143
1144;General TreatmentPlan;true;system;1144
1145;General TreatmentPlan;true;system;1145
1146;General TreatmentPlan;true;system;1146
1147;General TreatmentPlan;true;system;1147
1148;General TreatmentPlan;true;system;1148
1149;General TreatmentPlan;true;system;1149
1150;General TreatmentPlan;true;system;1150
1151;General TreatmentPlan;true;system;1151
1152;General TreatmentPlan;true;system;1152
1153;General TreatmentPlan;true;system;1153
1154;General TreatmentPlan;true;system;1154
1155;General TreatmentPlan;true;system;1155
1156;General TreatmentPlan;true;system;1156
1157;General TreatmentPlan;true;system;1157
1158;General TreatmentPlan;true;system;1158
1159;General TreatmentPlan;true;system;1159
1160;General TreatmentPlan;true;system;1160
1161;General TreatmentPlan;true;system;1161
1162;General TreatmentPlan;true;system;1162
1163;General TreatmentPlan;true;system;1163
1164;General TreatmentPlan;true;system;1164
1165;General TreatmentPlan;true;system;1165
1166;General TreatmentPlan;true;system;1166
1167;General TreatmentPlan;true;system;1167
1168;General TreatmentPlan;true;system;1168
1169;General TreatmentPlan;true;system;1169
1170;General TreatmentPlan;true;system;1170
1171;General TreatmentPlan;true;system;1171
1172;General TreatmentPlan;true;system;1172
1173;General TreatmentPlan;true;system;1173
1174;General TreatmentPlan;true;system;1174
1175;General TreatmentPlan;true;system;1175
1176;General TreatmentPlan;true;system;1176
1177;General TreatmentPlan;true;system;1177
1178;General TreatmentPlan;true;system;1178
1179;General TreatmentPlan;true;system;1179
1180;General TreatmentPlan;true;system;1180
1181;General TreatmentPlan;true;system;1181
1182;General TreatmentPlan;true;system;1182
1183;General TreatmentPlan;true;system;1183
1184;General TreatmentPlan;true;system;1184
1185;General TreatmentPlan;true;system;1185
1186;General TreatmentPlan;true;system;1186
1187;General TreatmentPlan;true;system;1187
1188;General TreatmentPlan;true;system;1188
1189;General TreatmentPlan;true;system;1189
1190;General TreatmentPlan;true;system;1190
1191;General TreatmentPlan;true;system;1191
1192;General TreatmentPlan;true;system;1192
1193;General TreatmentPlan;true;system;1193
1194;General TreatmentPlan;true;system;1194
1195;General TreatmentPlan;true;system;1195
1196;General TreatmentPlan;true;system;1196
1197;General TreatmentPlan;true;system;1197
1198;General TreatmentPlan;true;system;1198
1199;General TreatmentPlan;true;system;1199
1200;General TreatmentPlan;true;system;1200
1201;General TreatmentPlan;true;system;1201
1202;General TreatmentPlan;true;system;1202
1203;General TreatmentPlan;true;system;1203
1204;General TreatmentPlan;true;system;1204
1205;General TreatmentPlan;true;system;1205
1206;General TreatmentPlan;true;system;1206
1207;General TreatmentPlan;true;system;1207
1208;General TreatmentPlan;true;system;1208
1209;General TreatmentPlan;true;system;1209
1210;General TreatmentPlan;true;system;1210
1211;General TreatmentPlan;true;system;1211
1212;General TreatmentPlan;true;system;1212
1213;General TreatmentPlan;true;system;1213
1214;General TreatmentPlan;true;system;1214
1215;General TreatmentPlan;true;system;1215
1216;General TreatmentPlan;true;system;1216
1217;General TreatmentPlan;true;system;1217
1218;General TreatmentPlan;true;system;1218
1219;General TreatmentPlan;true;system;1219
1220;General TreatmentPlan;true;system;1220
1221;General TreatmentPlan;true;system;1221
1222;General TreatmentPlan;true;system;1222
1223;General TreatmentPlan;true;system;1223
1224;General TreatmentPlan;true;system;1224
1225;General TreatmentPlan;true;system;1225
1226;General TreatmentPlan;true;system;1226
1227;General TreatmentPlan;true;system;1227
1228;General TreatmentPlan;true;system;1228
1229;General TreatmentPlan;true;system;1229
1230;General TreatmentPlan;true;system;1230
1231;General TreatmentPlan;true;system;1231
1232;General TreatmentPlan;true;system;1232
1233;General TreatmentPlan;true;system;1233
1234;General TreatmentPlan;true;system;1234
1235;General TreatmentPlan;true;system;1235
1236;General TreatmentPlan;true;system;1236
1237;General TreatmentPlan;true;system;1237
1238;General TreatmentPlan;true;system;1238
1239;General TreatmentPlan;true;system;1239
1240;General TreatmentPlan;true;system;1240
1241;General TreatmentPlan;true;system;1241
1242;General TreatmentPlan;true;system;1242
1243;General TreatmentPlan;true;system;1243
1244;General TreatmentPlan;true;system;1244
1245;General TreatmentPlan;true;system;1245
1246;General TreatmentPlan;true;system;1246
1247;General TreatmentPlan;true;system;1247
1248;General TreatmentPlan;true;system;1248
1249;General TreatmentPlan;true;system;1249
1250;General TreatmentPlan;true;system;1250
1251;General TreatmentPlan;true;system;1251
1252;General TreatmentPlan;true;system;1252
1253;General TreatmentPlan;true;system;1253
1254;General TreatmentPlan;true;system;1254
1255;General TreatmentPlan;true;system;1255
1256;General TreatmentPlan;true;system;1256
1257;General TreatmentPlan;true;system;1257
1258;General TreatmentPlan;true;system;1258
1259;General TreatmentPlan;true;system;1259
1260;General TreatmentPlan;true;system;1260
1261;General TreatmentPlan;true;system;1261
1262;General TreatmentPlan;true;system;1262
1263;General TreatmentPlan;true;system;1263
1264;General TreatmentPlan;true;system;1264
1265;General TreatmentPlan;true;system;1265
1266;General TreatmentPlan;true;system;1266
1267;General TreatmentPlan;true;system;1267
1268;General TreatmentPlan;true;system;1268
1269;General TreatmentPlan;true;system;1269
1270;General TreatmentPlan;true;system;1270
1271;General TreatmentPlan;true;system;1271
1272;General TreatmentPlan;true;system;1272
1273;General TreatmentPlan;true;system;1273
1274;General TreatmentPlan;true;system;1274
1275;General TreatmentPlan;true;system;1275
1276;General TreatmentPlan;true;system;1276
1277;General TreatmentPlan;true;system;1277
1278;General TreatmentPlan;true;system;1278
1279;General TreatmentPlan;true;system;1279
1280;General TreatmentPlan;true;system;1280
1281;General TreatmentPlan;true;system;1281
1282;General TreatmentPlan;true;system;1282
1283;General TreatmentPlan;true;system;1283
1284;General TreatmentPlan;true;system;1284
1285;General TreatmentPlan;true;system;1285
1286;General TreatmentPlan;true;system;1286
1287;General TreatmentPlan;true;system;1287
1288;General TreatmentPlan;true;system;1288
1289;General TreatmentPlan;true;system;1289
1290;General TreatmentPlan;true;system;1290
1291;General TreatmentPlan;true;system;1291
1292;General TreatmentPlan;true;system;1292
1293;General TreatmentPlan;true;system;1293
1294;General TreatmentPlan;true;system;1294
1295;General TreatmentPlan;true;system;1295
1296;General TreatmentPlan;true;system;1296
1297;General TreatmentPlan;true;system;1297
1298;General TreatmentPlan;true;system;1298
1299;General TreatmentPlan;true;system;1299
1300;General TreatmentPlan;true;system;1300
1301;General TreatmentPlan;true;system;1301
1302;General TreatmentPlan;true;system;1302
1303;General TreatmentPlan;true;system;1303
1304;General TreatmentPlan;true;system;1304
1305;General TreatmentPlan;true;system;1305
1306;General TreatmentPlan;true;system;1306
1307;General TreatmentPlan;true;system;1307
1308;General TreatmentPlan;true;system;1308
1309;General TreatmentPlan;true;system;1309
1310;General TreatmentPlan;true;system;1310
1311;General TreatmentPlan;true;system;1311
1312;General TreatmentPlan;true;system;1312
1313;General TreatmentPlan;true;system;1313
1314;General TreatmentPlan;true;system;1314
1315;General TreatmentPlan;true;system;1315
1316;General TreatmentPlan;true;system;1316
1317;General TreatmentPlan;true;system;1317
1318;General TreatmentPlan;true;system;1318
1319;General TreatmentPlan;true;system;1319
1320;General TreatmentPlan;true;system;1320
1321;General TreatmentPlan;true;system;1321
1322;General TreatmentPlan;true;system;1322
1323;General TreatmentPlan;true;system;1323
1324;General TreatmentPlan;true;system;1324
1325;General TreatmentPlan;true;system;1325
1326;General TreatmentPlan;true;system;1326
1327;General TreatmentPlan;true;system;1327
1328;General TreatmentPlan;true;system;1328
1329;General TreatmentPlan;true;system;1329
1330;General TreatmentPlan;true;system;1330
1331;General TreatmentPlan;true;system;1331
1332;General TreatmentPlan;true;system;1332
1333;General TreatmentPlan;true;system;1333
1334;General TreatmentPlan;true;system;1334
1335;General TreatmentPlan;true;system;1335
1336;General TreatmentPlan;true;system;1336
1337;General TreatmentPlan;true;system;1337
1338;General TreatmentPlan;true;system;1338
1339;General TreatmentPlan;true;system;1339
1340;General TreatmentPlan;true;system;1340
1341;General TreatmentPlan;true;system;1341
1342;General TreatmentPlan;true;system;1342
1343;General TreatmentPlan;true;system;1343
1344;General TreatmentPlan;true;system;1344
1345;General TreatmentPlan;true;system;1345
1346;General TreatmentPlan;true;system;1346
1347;General TreatmentPlan;true;system;1347
1348;General TreatmentPlan;true;system;1348
1349;General TreatmentPlan;true;system;1349
1350;General TreatmentPlan;true;system;1350
1351;General TreatmentPlan;true;system;1351
1352;General TreatmentPlan;true;system;1352
1353;General TreatmentPlan;true;system;1353
1354;General TreatmentPlan;true;system;1354
1355;General TreatmentPlan;true;system;1355
1356;General TreatmentPlan;true;system;1356
1357;General TreatmentPlan;true;system;1357
1358;General TreatmentPlan;true;system;1358
1359;General TreatmentPlan;true;system;1359
1360;General TreatmentPlan;true;system;1360
1361;General TreatmentPlan;true;system;1361
1362;General TreatmentPlan;true;system;1362
1363;General TreatmentPlan;true;system;1363
1364;General TreatmentPlan;true;system;1364
1365;General TreatmentPlan;true;system;1365
1366;General TreatmentPlan;true;system;1366
1367;General TreatmentPlan;true;system;1367
1368;General TreatmentPlan;true;system;1368
1369;General TreatmentPlan;true;system;1369
1370;General TreatmentPlan;true;system;1370
1371;General TreatmentPlan;true;system;1371
1372;General TreatmentPlan;true;system;1372
1373;General TreatmentPlan;true;system;1373
1374;General TreatmentPlan;true;system;1374
1375;General TreatmentPlan;true;system;1375
1376;General TreatmentPlan;true;system;1376
1377;General TreatmentPlan;true;system;1377
1378;General TreatmentPlan;true;system;1378
1379;General TreatmentPlan;true;system;1379
1380;General TreatmentPlan;true;system;1380
1381;General TreatmentPlan;true;system;1381
1382;General TreatmentPlan;true;system;1382
1383;General TreatmentPlan;true;system;1383
1384;General TreatmentPlan;true;system;1384
1385;General TreatmentPlan;true;system;1385
1386;General TreatmentPlan;true;system;1386
1387;General TreatmentPlan;true;system;1387
1388;General TreatmentPlan;true;system;1388
1389;General TreatmentPlan;true;system;1389
1390;General TreatmentPlan;true;system;1390
1391;General TreatmentPlan;true;system;1391
1392;General TreatmentPlan;true;system;1392
1393;General TreatmentPlan;true;system;1393
1394;General TreatmentPlan;true;system;1394
1395;General TreatmentPlan;true;system;1395
1396;General TreatmentPlan;true;system;1396
1397;General TreatmentPlan;true;system;1397
1398;General TreatmentPlan;true;system;1398
1399;General TreatmentPlan;true;system;1399
1400;General TreatmentPlan;true;system;1400
1401;General TreatmentPlan;true;system;1401
1402;General TreatmentPlan;true;system;1402
1403;General TreatmentPlan;true;system;1403
1404;General TreatmentPlan;true;system;1404
1405;General TreatmentPlan;true;system;1405
1406;General TreatmentPlan;true;system;1406
1407;General TreatmentPlan;true;system;1407
1408;General TreatmentPlan;true;system;1408
1409;General TreatmentPlan;true;system;1409
1410;General TreatmentPlan;true;system;1410
1411;General TreatmentPlan;true;system;1411
1412;General TreatmentPlan;true;system;1412
1413;General TreatmentPlan;true;system;1413
1414;General TreatmentPlan;true;system;1414
1415;General TreatmentPlan;true;system;1415
1416;General TreatmentPlan;true;system;1416
1417;General TreatmentPlan;true;system;1417
1418;General TreatmentPlan;true;system;1418
1419;General TreatmentPlan;true;system;1419
1420;General TreatmentPlan;true;system;1420
1421;General TreatmentPlan;true;system;1421
1422;General TreatmentPlan;true;system;1422
1423;General TreatmentPlan;true;system;1423
1424;General TreatmentPlan;true;system;1424
1425;General TreatmentPlan;true;system;1425
1426;General TreatmentPlan;true;system;1426
1427;General TreatmentPlan;true;system;1427
1428;General TreatmentPlan;true;system;1428
1429;General TreatmentPlan;true;system;1429
1430;General TreatmentPlan;true;system;1430
1431;General TreatmentPlan;true;system;1431
1432;General TreatmentPlan;true;system;1432
1433;General TreatmentPlan;true;system;1433
1434;General TreatmentPlan;true;system;1434
1435;General TreatmentPlan;true;system;1435
1436;General TreatmentPlan;true;system;1436
1437;General TreatmentPlan;true;system;1437
1438;General TreatmentPlan;true;system;1438
1439;General TreatmentPlan;true;system;1439
1440;General TreatmentPlan;true;system;1440
1441;General TreatmentPlan;true;system;1441
1442;General TreatmentPlan;true;system;1442
1443;General TreatmentPlan;true;system;1443
1444;General TreatmentPlan;true;system;1444
1445;General TreatmentPlan;true;system;1445
1446;General TreatmentPlan;true;system;1446
1447;General TreatmentPlan;true;system;1447
1448;General TreatmentPlan;true;system;1448
1449;General TreatmentPlan;true;system;1449
1450;General TreatmentPlan;true;system;1450
1451;General TreatmentPlan;true;system;1451
1452;General TreatmentPlan;true;system;1452
1453;General TreatmentPlan;true;system;1453
1454;General TreatmentPlan;true;system;1454
1455;General TreatmentPlan;true;system;1455
1456;General TreatmentPlan;true;system;1456
1457;General TreatmentPlan;true;system;1457
1458;General TreatmentPlan;true;system;1458
1459;General TreatmentPlan;true;system;1459
1460;General TreatmentPlan;true;system;1460
1461;General TreatmentPlan;true;system;1461
1462;General TreatmentPlan;true;system;1462
1463;General TreatmentPlan;true;system;1463
1464;General TreatmentPlan;true;system;1464
1465;General TreatmentPlan;true;system;1465
1466;General TreatmentPlan;true;system;1466
1467;General TreatmentPlan;true;system;1467
1468;General TreatmentPlan;true;system;1468
1469;General TreatmentPlan;true;system;1469
1470;General TreatmentPlan;true;system;1470
1471;General TreatmentPlan;true;system;1471
1472;General TreatmentPlan;true;system;1472
1473;General TreatmentPlan;true;system;1473
1474;General TreatmentPlan;true;system;1474
1475;General TreatmentPlan;true;system;1475
1476;General TreatmentPlan;true;system;1476
1477;General TreatmentPlan;true;system;1477
1478;General TreatmentPlan;true;system;1478
1479;General TreatmentPlan;true;system;1479
1480;General TreatmentPlan;true;system;1480
1481;General TreatmentPlan;true;system;1481
1482;General TreatmentPlan;true;system;1482
1483;General TreatmentPlan;true;system;1483
1484;General TreatmentPlan;true;system;1484
1485;General TreatmentPlan;true;system;1485
1486;General TreatmentPlan;true;system;1486
1487;General TreatmentPlan;true;system;1487
1488;General TreatmentPlan;true;system;1488
1489;General TreatmentPlan;true;system;1489
1490;General TreatmentPlan;true;system;1490
1491;General TreatmentPlan;true;system;1491
1492;General TreatmentPlan;true;system;1492
1493;General TreatmentPlan;true;system;1493
1494;General TreatmentPlan;true;system;1494
1495;General TreatmentPlan;true;system;1495
1496;General TreatmentPlan;true;system;1496
1497;General TreatmentPlan;true;system;1497
1498;General TreatmentPlan;true;system;1498
1499;General TreatmentPlan;true;system;1499
1500;General TreatmentPlan;true;system;1500
1501;General TreatmentPlan;true;system;1501
1502;General TreatmentPlan;true;system;1502
1503;General TreatmentPlan;true;system;1503
1504;General TreatmentPlan;true;system;1504
1505;General TreatmentPlan;true;system;1505
1506;General TreatmentPlan;true;system;1506
1507;General TreatmentPlan;true;system;1507
1508;General TreatmentPlan;true;system;1508
1509;General TreatmentPlan;true;system;1509
1510;General TreatmentPlan;true;system;1510
1511;General TreatmentPlan;true;system;1511
1512;General TreatmentPlan;true;system;1512
1513;General TreatmentPlan;true;system;1513
1514;General TreatmentPlan;true;system;1514
1515;General TreatmentPlan;true;system;1515
1516;General TreatmentPlan;true;system;1516
1517;General TreatmentPlan;true;system;1517
1518;General TreatmentPlan;true;system;1518
1519;General TreatmentPlan;true;system;1519
1520;General TreatmentPlan;true;system;1520
1521;General TreatmentPlan;true;system;1521
1522;General TreatmentPlan;true;system;1522
1523;General TreatmentPlan;true;system;1523
1524;General TreatmentPlan;true;system;1524
1525;General TreatmentPlan;true;system;1525
1526;General TreatmentPlan;true;system;1526
1527;General TreatmentPlan;true;system;1527
1528;General TreatmentPlan;true;system;1528
1529;General TreatmentPlan;true;system;1529
1530;General TreatmentPlan;true;system;1530
1531;General TreatmentPlan;true;system;1531
1532;General TreatmentPlan;true;system;1532
1533;General TreatmentPlan;true;system;1533
1534;General TreatmentPlan;true;system;1534
1535;General TreatmentPlan;true;system;1535
1536;General TreatmentPlan;true;system;1536
1537;General TreatmentPlan;true;system;1537
1538;General TreatmentPlan;true;system;1538
1539;General TreatmentPlan;true;system;1539
1540;General TreatmentPlan;true;system;1540
1541;General TreatmentPlan;true;system;1541
1542;General TreatmentPlan;true;system;1542
1543;General TreatmentPlan;true;system;1543
1544;General TreatmentPlan;true;system;1544
1545;General TreatmentPlan;true;system;1545
1546;General TreatmentPlan;true;system;1546
1547;General TreatmentPlan;true;system;1547
1548;General TreatmentPlan;true;system;1548
1549;General TreatmentPlan;true;system;1549
1550;General TreatmentPlan;true;system;1550
1551;General TreatmentPlan;true;system;1551
1552;General TreatmentPlan;true;system;1552
1553;General TreatmentPlan;true;system;1553
1554;General TreatmentPlan;true;system;1554
1555;General TreatmentPlan;true;system;1555
1556;General TreatmentPlan;true;system;1556
1557;General TreatmentPlan;true;system;1557
1558;General TreatmentPlan;true;system;1558
1559;General TreatmentPlan;true;system;1559
1560;General TreatmentPlan;true;system;1560
1561;General TreatmentPlan;true;system;1561
1562;General TreatmentPlan;true;system;1562
1563;General TreatmentPlan;true;system;1563
1564;General TreatmentPlan;true;system;1564
1565;General TreatmentPlan;true;system;1565
1566;General TreatmentPlan;true;system;1566
1567;General TreatmentPlan;true;system;1567
1568;General TreatmentPlan;true;system;1568
1569;General TreatmentPlan;true;system;1569
1570;General TreatmentPlan;true;system;1570
1571;General TreatmentPlan;true;system;1571
1572;General TreatmentPlan;true;system;1572
1573;General TreatmentPlan;true;system;1573
1574;General TreatmentPlan;true;system;1574
1575;General TreatmentPlan;true;system;1575
1576;General TreatmentPlan;true;system;1576
1577;General TreatmentPlan;true;system;1577
1578;General TreatmentPlan;true;system;1578
1579;General TreatmentPlan;true;system;1579
1580;General TreatmentPlan;true;system;1580
1581;General TreatmentPlan;true;system;1581
1582;General TreatmentPlan;true;system;1582
1583;General TreatmentPlan;true;system;1583
1584;General TreatmentPlan;true;system;1584
1585;General TreatmentPlan;true;system;1585
1586;General TreatmentPlan;true;system;1586
1587;General TreatmentPlan;true;system;1587
1588;General TreatmentPlan;true;system;1588
1589;General TreatmentPlan;true;system;1589
1590;General TreatmentPlan;true;system;1590
1591;General TreatmentPlan;true;system;1591
1592;General TreatmentPlan;true;system;1592
1593;General TreatmentPlan;true;system;1593
1594;General TreatmentPlan;true;system;1594
1595;General TreatmentPlan;true;system;1595
1596;General TreatmentPlan;true;system;1596
1597;General TreatmentPlan;true;system;1597
1598;General TreatmentPlan;true;system;1598
1599;General TreatmentPlan;true;system;1599
1600;General TreatmentPlan;true;system;1600
1601;General TreatmentPlan;true;system;1601
1602;General TreatmentPlan;true;system;1602
1603;General TreatmentPlan;true;system;1603
1604;General TreatmentPlan;true;system;1604
1605;General TreatmentPlan;true;system;1605
1606;General TreatmentPlan;true;system;1606
1607;General TreatmentPlan;true;system;1607
1608;General TreatmentPlan;true;system;1608
1609;General TreatmentPlan;true;system;1609
1610;General TreatmentPlan;true;system;1610
1611;General TreatmentPlan;true;system;1611
1612;General TreatmentPlan;true;system;1612
1613;General TreatmentPlan;true;system;1613
1614;General TreatmentPlan;true;system;1614
1615;General TreatmentPlan;true;system;1615
1616;General TreatmentPlan;true;system;1616
1617;General TreatmentPlan;true;system;1617
1618;General TreatmentPlan;true;system;1618
1619;General TreatmentPlan;true;system;1619
1620;General TreatmentPlan;true;system;1620
1621;General TreatmentPlan;true;system;1621
1622;General TreatmentPlan;true;system;1622
1623;General TreatmentPlan;true;system;1623
1624;General TreatmentPlan;true;system;1624
1625;General TreatmentPlan;true;system;1625
1626;General TreatmentPlan;true;system;1626
1627;General TreatmentPlan;true;system;1627
1628;General TreatmentPlan;true;system;1628
1629;General TreatmentPlan;true;system;1629
1630;General TreatmentPlan;true;system;1630
1631;General TreatmentPlan;true;system;1631
1632;General TreatmentPlan;true;system;1632
1633;General TreatmentPlan;true;system;1633
1634;General TreatmentPlan;true;system;1634
1635;General TreatmentPlan;true;system;1635
1636;General TreatmentPlan;true;system;1636
1637;General TreatmentPlan;true;system;1637
1638;General TreatmentPlan;true;system;1638
1639;General TreatmentPlan;true;system;1639
1640;General TreatmentPlan;true;system;1640
1641;General TreatmentPlan;true;system;1641
1642;General TreatmentPlan;true;system;1642
1643;General TreatmentPlan;true;system;1643
1644;General TreatmentPlan;true;system;1644
1645;General TreatmentPlan;true;system;1645
1646;General TreatmentPlan;true;system;1646
1647;General TreatmentPlan;true;system;1647
1648;General TreatmentPlan;true;system;1648
1649;General TreatmentPlan;true;system;1649
1650;General TreatmentPlan;true;system;1650
1651;General TreatmentPlan;true;system;1651
1652;General TreatmentPlan;true;system;1652
1653;General TreatmentPlan;true;system;1653
1654;General TreatmentPlan;true;system;1654
1655;General TreatmentPlan;true;system;1655
1656;General TreatmentPlan;true;system;1656
1657;General TreatmentPlan;true;system;1657
1658;General TreatmentPlan;true;system;1658
1659;General TreatmentPlan;true;system;1659
1660;General TreatmentPlan;true;system;1660
1661;General TreatmentPlan;true;system;1661
1662;General TreatmentPlan;true;system;1662
1663;General TreatmentPlan;true;system;1663
1664;General TreatmentPlan;true;system;1664
1665;General TreatmentPlan;true;system;1665
1666;General TreatmentPlan;true;system;1666
1667;General TreatmentPlan;true;system;1667
1668;General TreatmentPlan;true;system;1668
1669;General TreatmentPlan;true;system;1669
1670;General TreatmentPlan;true;system;1670
1671;General TreatmentPlan;true;system;1671
1672;General TreatmentPlan;true;system;1672
1673;General TreatmentPlan;true;system;1673
1674;General TreatmentPlan;true;system;1674
1675;General TreatmentPlan;true;system;1675
1676;General TreatmentPlan;true;system;1676
1677;General TreatmentPlan;true;system;1677
1678;General TreatmentPlan;true;system;1678
1679;General TreatmentPlan;true;system;1679
1680;General TreatmentPlan;true;system;1680
1681;General TreatmentPlan;true;system;1681
1682;General TreatmentPlan;true;system;1682
1683;General TreatmentPlan;true;system;1683
1684;General TreatmentPlan;true;system;1684
1685;General TreatmentPlan;true;system;1685
1686;General TreatmentPlan;true;system;1686
1687;General TreatmentPlan;true;system;1687
1688;General TreatmentPlan;true;system;1688
1689;General TreatmentPlan;true;system;1689
1690;General TreatmentPlan;true;system;1690
1691;General TreatmentPlan;true;system;1691
1692;General TreatmentPlan;true;system;1692
1693;General TreatmentPlan;true;system;1693
1694;General TreatmentPlan;true;system;1694
1695;General TreatmentPlan;true;system;1695
1696;General TreatmentPlan;true;system;1696
1697;General TreatmentPlan;true;system;1697
1698;General TreatmentPlan;true;system;1698
1699;General TreatmentPlan;true;system;1699
1700;General TreatmentPlan;true;system;1700
1701;General TreatmentPlan;true;system;1701
1702;General TreatmentPlan;true;system;1702
1703;General TreatmentPlan;true;system;1703
1704;General TreatmentPlan;true;system;1704
1705;General TreatmentPlan;true;system;1705
1706;General TreatmentPlan;true;system;1706
1707;General TreatmentPlan;true;system;1707
1708;General TreatmentPlan;true;system;1708
1709;General TreatmentPlan;true;system;1709
1710;General TreatmentPlan;true;system;1710
1711;General TreatmentPlan;true;system;1711
1712;General TreatmentPlan;true;system;1712
1713;General TreatmentPlan;true;system;1713
1714;General TreatmentPlan;true;system;1714
1715;General TreatmentPlan;true;system;1715
1716;General TreatmentPlan;true;system;1716
1717;General TreatmentPlan;true;system;1717
1718;General TreatmentPlan;true;system;1718
1719;General TreatmentPlan;true;system;1719
1720;General TreatmentPlan;true;system;1720
1721;General TreatmentPlan;true;system;1721
1722;General TreatmentPlan;true;system;1722
1723;General TreatmentPlan;true;system;1723
1724;General TreatmentPlan;true;system;1724
1725;General TreatmentPlan;true;system;1725
1726;General TreatmentPlan;true;system;1726
1727;General TreatmentPlan;true;system;1727
1728;General TreatmentPlan;true;system;1728
1729;General TreatmentPlan;true;system;1729
1730;General TreatmentPlan;true;system;1730
1731;General TreatmentPlan;true;system;1731
1732;General TreatmentPlan;true;system;1732
1733;General TreatmentPlan;true;system;1733
1734;General TreatmentPlan;true;system;1734
1735;General TreatmentPlan;true;system;1735
1736;General TreatmentPlan;true;system;1736
1737;General TreatmentPlan;true;system;1737
1738;General TreatmentPlan;true;system;1738
1739;General TreatmentPlan;true;system;1739
1740;General TreatmentPlan;true;system;1740
1741;General TreatmentPlan;true;system;1741
1742;General TreatmentPlan;true;system;1742
1743;General TreatmentPlan;true;system;1743
1744;General TreatmentPlan;true;system;1744
1745;General TreatmentPlan;true;system;1745
1746;General TreatmentPlan;true;system;1746
1747;General TreatmentPlan;true;system;1747
1748;General TreatmentPlan;true;system;1748
1749;General TreatmentPlan;true;system;1749
1750;General TreatmentPlan;true;system;1750
1751;General TreatmentPlan;true;system;1751
1752;General TreatmentPlan;true;system;1752
1753;General TreatmentPlan;true;system;1753
1754;General TreatmentPlan;true;system;1754
1755;General TreatmentPlan;true;system;1755
1756;General TreatmentPlan;true;system;1756
1757;General TreatmentPlan;true;system;1757
1758;General TreatmentPlan;true;system;1758
1759;General TreatmentPlan;true;system;1759
1760;General TreatmentPlan;true;system;1760
1761;General TreatmentPlan;true;system;1761
1762;General TreatmentPlan;true;system;1762
1763;General TreatmentPlan;true;system;1763
1764;General TreatmentPlan;true;system;1764
1765;General TreatmentPlan;true;system;1765
1766;General TreatmentPlan;true;system;1766
1767;General TreatmentPlan;true;system;1767
1768;General TreatmentPlan;true;system;1768
1769;General TreatmentPlan;true;system;1769
1770;General TreatmentPlan;true;system;1770
1771;General TreatmentPlan;true;system;1771
1772;General TreatmentPlan;true;system;1772
1773;General TreatmentPlan;true;system;1773
1774;General TreatmentPlan;true;system;1774
1775;General TreatmentPlan;true;system;1775
1776;General TreatmentPlan;true;system;1776
1777;General TreatmentPlan;true;system;1777
1778;General TreatmentPlan;true;system;1778
1779;General TreatmentPlan;true;system;1779
1780;General TreatmentPlan;true;system;1780
1781;General TreatmentPlan;true;system;1781
1782;General TreatmentPlan;true;system;1782
1783;General TreatmentPlan;true;system;1783
1784;General TreatmentPlan;true;system;1784
1785;General TreatmentPlan;true;system;1785
1786;General TreatmentPlan;true;system;1786
1787;General TreatmentPlan;true;system;1787
1788;General TreatmentPlan;true;system;1788
1789;General TreatmentPlan;true;system;1789
1790;General TreatmentPlan;true;system;1790
1791;General TreatmentPlan;true;system;1791
1792;General TreatmentPlan;true;system;1792
1793;General TreatmentPlan;true;system;1793
1794;General TreatmentPlan;true;system;1794
1795;General TreatmentPlan;true;system;1795
1796;General TreatmentPlan;true;system;1796
1797;General TreatmentPlan;true;system;1797
1798;General TreatmentPlan;true;system;1798
1799;General TreatmentPlan;true;system;1799
1800;General TreatmentPlan;true;system;1800
1801;General TreatmentPlan;true;system;1801
1802;General TreatmentPlan;true;system;1802
1803;General TreatmentPlan;true;system;1803
1804;General TreatmentPlan;true;system;1804
1805;General TreatmentPlan;true;system;1805
1806;General TreatmentPlan;true;system;1806
1807;General TreatmentPlan;true;system;1807
1808;General TreatmentPlan;true;system;1808
1809;General TreatmentPlan;true;system;1809
1810;General TreatmentPlan;true;system;1810
1811;General TreatmentPlan;true;system;1811
1812;General TreatmentPlan;true;system;1812
1813;General TreatmentPlan;true;system;1813
1814;General TreatmentPlan;true;system;1814
1815;General TreatmentPlan;true;system;1815
1816;General TreatmentPlan;true;system;1816
1817;General TreatmentPlan;true;system;1817
1818;General TreatmentPlan;true;system;1818
1819;General TreatmentPlan;true;system;1819
1820;General TreatmentPlan;true;system;1820
1821;General TreatmentPlan;true;system;1821
1822;General TreatmentPlan;true;system;1822
1823;General TreatmentPlan;true;system;1823
1824;General TreatmentPlan;true;system;1824
1825;General TreatmentPlan;true;system;1825
1826;General TreatmentPlan;true;system;1826
1827;General TreatmentPlan;true;system;1827
1828;General TreatmentPlan;true;system;1828
1829;General TreatmentPlan;true;system;1829
1830;General TreatmentPlan;true;system;1830
1831;General TreatmentPlan;true;system;1831
1832;General TreatmentPlan;true;system;1832
1833;General TreatmentPlan;true;system;1833
1834;General TreatmentPlan;true;system;1834
1835;General TreatmentPlan;true;system;1835
1836;General TreatmentPlan;true;system;1836
1837;General TreatmentPlan;true;system;1837
1838;General TreatmentPlan;true;system;1838
1839;General TreatmentPlan;true;system;1839
1840;General TreatmentPlan;true;system;1840
1841;General TreatmentPlan;true;system;1841
1842;General TreatmentPlan;true;system;1842
1843;General TreatmentPlan;true;system;1843
1844;General TreatmentPlan;true;system;1844
1845;General TreatmentPlan;true;system;1845
1846;General TreatmentPlan;true;system;1846
1847;General TreatmentPlan;true;system;1847
1848;General TreatmentPlan;true;system;1848
1849;General TreatmentPlan;true;system;1849
1850;General TreatmentPlan;true;system;1850
1851;General TreatmentPlan;true;system;1851
1852;General TreatmentPlan;true;system;1852
1853;General TreatmentPlan;true;system;1853
1854;General TreatmentPlan;true;system;1854
1855;General TreatmentPlan;true;system;1855
1856;General TreatmentPlan;true;system;1856
1857;General TreatmentPlan;true;system;1857
1858;General TreatmentPlan;true;system;1858
1859;General TreatmentPlan;true;system;1859
1860;General TreatmentPlan;true;system;1860
1861;General TreatmentPlan;true;system;1861
1862;General TreatmentPlan;true;system;1862
1863;General TreatmentPlan;true;system;1863
1864;General TreatmentPlan;true;system;1864
1865;General TreatmentPlan;true;system;1865
1866;General TreatmentPlan;true;system;1866
1867;General TreatmentPlan;true;system;1867
1868;General TreatmentPlan;true;system;1868
1869;General TreatmentPlan;true;system;1869
1870;General TreatmentPlan;true;system;1870
1871;General TreatmentPlan;true;system;1871
1872;General TreatmentPlan;true;system;1872
1873;General TreatmentPlan;true;system;1873
1874;General TreatmentPlan;true;system;1874
1875;General TreatmentPlan;true;system;1875
1876;General TreatmentPlan;true;system;1876
1877;General TreatmentPlan;true;system;1877
1878;General TreatmentPlan;true;system;1878
1879;General TreatmentPlan;true;system;1879
1880;General TreatmentPlan;true;system;1880
1881;General TreatmentPlan;true;system;1881
1882;General TreatmentPlan;true;system;1882
1883;General TreatmentPlan;true;system;1883
1884;General TreatmentPlan;true;system;1884
1885;General TreatmentPlan;true;system;1885
1886;General TreatmentPlan;true;system;1886
1887;General TreatmentPlan;true;system;1887
1888;General TreatmentPlan;true;system;1888
1889;General TreatmentPlan;true;system;1889
1890;General TreatmentPlan;true;system;1890
1891;General TreatmentPlan;true;system;1891
1892;General TreatmentPlan;true;system;1892
1893;General TreatmentPlan;true;system;1893
1894;General TreatmentPlan;true;system;1894
1895;General TreatmentPlan;true;system;1895
1896;General TreatmentPlan;true;system;1896
1897;General TreatmentPlan;true;system;1897
1898;General TreatmentPlan;true;system;1898
1899;General TreatmentPlan;true;system;1899
1900;General TreatmentPlan;true;system;1900
1901;General TreatmentPlan;true;system;1901
1902;General TreatmentPlan;true;system;1902
1903;General TreatmentPlan;true;system;1903
1904;General TreatmentPlan;true;system;1904
1905;General TreatmentPlan;true;system;1905
1906;General TreatmentPlan;true;system;1906
1907;General TreatmentPlan;true;system;1907
1908;General TreatmentPlan;true;system;1908
1909;General TreatmentPlan;true;system;1909
1910;General TreatmentPlan;true;system;1910
1911;General TreatmentPlan;true;system;1911
1912;General TreatmentPlan;true;system;1912
1913;General TreatmentPlan;true;system;1913
1914;General TreatmentPlan;true;system;1914
1915;General TreatmentPlan;true;system;1915
1916;General TreatmentPlan;true;system;1916
1917;General TreatmentPlan;true;system;1917
1918;General TreatmentPlan;true;system;1918
1919;General TreatmentPlan;true;system;1919
1920;General TreatmentPlan;true;system;1920
1921;General TreatmentPlan;true;system;1921
1922;General TreatmentPlan;true;system;1922
1923;General TreatmentPlan;true;system;1923
1924;General TreatmentPlan;true;system;1924
1925;General TreatmentPlan;true;system;1925
1926;General TreatmentPlan;true;system;1926
1927;General TreatmentPlan;true;system;1927
1928;General TreatmentPlan;true;system;1928
1929;General TreatmentPlan;true;system;1929
1930;General TreatmentPlan;true;system;1930
1931;General TreatmentPlan;true;system;1931
1932;General TreatmentPlan;true;system;1932
1933;General TreatmentPlan;true;system;1933
1934;General TreatmentPlan;true;system;1934
1935;General TreatmentPlan;true;system;1935
1936;General TreatmentPlan;true;system;1936
1937;General TreatmentPlan;true;system;1937
1938;General TreatmentPlan;true;system;1938
1939;General TreatmentPlan;true;system;1939
1940;General TreatmentPlan;true;system;1940
1941;General TreatmentPlan;true;system;1941
1942;General TreatmentPlan;true;system;1942
1943;General TreatmentPlan;true;system;1943
1944;General TreatmentPlan;true;system;1944
1945;General TreatmentPlan;true;system;1945
1946;General TreatmentPlan;true;system;1946
1947;General TreatmentPlan;true;system;1947
1948;General TreatmentPlan;true;system;1948
1949;General TreatmentPlan;true;system;1949
1950;General TreatmentPlan;true;system;1950
1951;General TreatmentPlan;true;system;1951
1952;General TreatmentPlan;true;system;1952
1953;General TreatmentPlan;true;system;1953
1954;General TreatmentPlan;true;system;1954
1955;General TreatmentPlan;true;system;1955
1956;General TreatmentPlan;true;system;1956
1957;General TreatmentPlan;true;system;1957
1958;General TreatmentPlan;true;system;1958
1959;General TreatmentPlan;true;system;1959
1960;General TreatmentPlan;true;system;1960
1961;General TreatmentPlan;true;system;1961
1962;General TreatmentPlan;true;system;1962
1963;General TreatmentPlan;true;system;1963
1964;General TreatmentPlan;true;system;1964
1965;General TreatmentPlan;true;system;1965
1966;General TreatmentPlan;true;system;1966
1967;General TreatmentPlan;true;system;1967
1968;General TreatmentPlan;true;system;1968
1969;General TreatmentPlan;true;system;1969
1970;General TreatmentPlan;true;system;1970
1971;General TreatmentPlan;true;system;1971
1972;General TreatmentPlan;true;system;1972
1973;General TreatmentPlan;true;system;1973
1974;General TreatmentPlan;true;system;1974
1975;General TreatmentPlan;true;system;1975
1976;General TreatmentPlan;true;system;1976
1977;General TreatmentPlan;true;system;1977
1978;General TreatmentPlan;true;system;1978
1979;General TreatmentPlan;true;system;1979
1980;General TreatmentPlan;true;system;1980
1981;General TreatmentPlan;true;system;1981
1982;General TreatmentPlan;true;system;1982
1983;General TreatmentPlan;true;system;1983
1984;General TreatmentPlan;true;system;1984
1985;General TreatmentPlan;true;system;1985
1986;General TreatmentPlan;true;system;1986
1987;General TreatmentPlan;true;system;1987
1988;General TreatmentPlan;true;system;1988
1989;General TreatmentPlan;true;system;1989
1990;General TreatmentPlan;true;system;1990
1991;General TreatmentPlan;true;system;1991
1992;General TreatmentPlan;true;system;1992
1993;General TreatmentPlan;true;system;1993
1994;General TreatmentPlan;true;system;1994
1995;General TreatmentPlan;true;system;1995
1996;General TreatmentPlan;true;system;1996
1997;General TreatmentPlan;true;system;1997
1998;General TreatmentPlan;true;system;1998
1999;General TreatmentPlan;true;system;1999
2000;General TreatmentPlan;true;system;2000
