id;name;jhi_type;created_by;patient_id
1;General Treatment;GENERAL;system;1
2;General Treatment;GENERAL;system;2
3;General Treatment;GENERAL;system;3
4;General Treatment;GENERAL;system;4
5;General Treatment;GENERAL;system;5
6;General Treatment;GENERAL;system;6
7;General Treatment;GENERAL;system;7
8;General Treatment;GENERAL;system;8
9;General Treatment;GENERAL;system;9
10;General Treatment;GENERAL;system;10
11;General Treatment;GENERAL;system;11
12;General Treatment;GENERAL;system;12
13;General Treatment;GENERAL;system;13
14;General Treatment;GENERAL;system;14
15;General Treatment;GENERAL;system;15
16;General Treatment;GENERAL;system;16
17;General Treatment;GENERAL;system;17
18;General Treatment;GENERAL;system;18
19;General Treatment;GENERAL;system;19
20;General Treatment;GENERAL;system;20
21;General Treatment;GENERAL;system;21
22;General Treatment;GENERAL;system;22
23;General Treatment;GENERAL;system;23
24;General Treatment;GENERAL;system;24
25;General Treatment;GENERAL;system;25
26;General Treatment;GENERAL;system;26
27;General Treatment;GENERAL;system;27
28;General Treatment;GENERAL;system;28
29;General Treatment;GENERAL;system;29
30;General Treatment;GENERAL;system;30
31;General Treatment;GENERAL;system;31
32;General Treatment;GENERAL;system;32
33;General Treatment;GENERAL;system;33
34;General Treatment;GENERAL;system;34
35;General Treatment;GENERAL;system;35
36;General Treatment;GENERAL;system;36
37;General Treatment;GENERAL;system;37
38;General Treatment;GENERAL;system;38
39;General Treatment;GENERAL;system;39
40;General Treatment;GENERAL;system;40
41;General Treatment;GENERAL;system;41
42;General Treatment;GENERAL;system;42
43;General Treatment;GENERAL;system;43
44;General Treatment;GENERAL;system;44
45;General Treatment;GENERAL;system;45
46;General Treatment;GENERAL;system;46
47;General Treatment;GENERAL;system;47
48;General Treatment;GENERAL;system;48
49;General Treatment;GENERAL;system;49
50;General Treatment;GENERAL;system;50
51;General Treatment;GENERAL;system;51
52;General Treatment;GENERAL;system;52
53;General Treatment;GENERAL;system;53
54;General Treatment;GENERAL;system;54
55;General Treatment;GENERAL;system;55
56;General Treatment;GENERAL;system;56
57;General Treatment;GENERAL;system;57
58;General Treatment;GENERAL;system;58
59;General Treatment;GENERAL;system;59
60;General Treatment;GENERAL;system;60
61;General Treatment;GENERAL;system;61
62;General Treatment;GENERAL;system;62
63;General Treatment;GENERAL;system;63
64;General Treatment;GENERAL;system;64
65;General Treatment;GENERAL;system;65
66;General Treatment;GENERAL;system;66
67;General Treatment;GENERAL;system;67
68;General Treatment;GENERAL;system;68
69;General Treatment;GENERAL;system;69
70;General Treatment;GENERAL;system;70
71;General Treatment;GENERAL;system;71
72;General Treatment;GENERAL;system;72
73;General Treatment;GENERAL;system;73
74;General Treatment;GENERAL;system;74
75;General Treatment;GENERAL;system;75
76;General Treatment;GENERAL;system;76
77;General Treatment;GENERAL;system;77
78;General Treatment;GENERAL;system;78
79;General Treatment;GENERAL;system;79
80;General Treatment;GENERAL;system;80
81;General Treatment;GENERAL;system;81
82;General Treatment;GENERAL;system;82
83;General Treatment;GENERAL;system;83
84;General Treatment;GENERAL;system;84
85;General Treatment;GENERAL;system;85
86;General Treatment;GENERAL;system;86
87;General Treatment;GENERAL;system;87
88;General Treatment;GENERAL;system;88
89;General Treatment;GENERAL;system;89
90;General Treatment;GENERAL;system;90
91;General Treatment;GENERAL;system;91
92;General Treatment;GENERAL;system;92
93;General Treatment;GENERAL;system;93
94;General Treatment;GENERAL;system;94
95;General Treatment;GENERAL;system;95
96;General Treatment;GENERAL;system;96
97;General Treatment;GENERAL;system;97
98;General Treatment;GENERAL;system;98
99;General Treatment;GENERAL;system;99
100;General Treatment;GENERAL;system;100
101;General Treatment;GENERAL;system;101
102;General Treatment;GENERAL;system;102
103;General Treatment;GENERAL;system;103
104;General Treatment;GENERAL;system;104
105;General Treatment;GENERAL;system;105
106;General Treatment;GENERAL;system;106
107;General Treatment;GENERAL;system;107
108;General Treatment;GENERAL;system;108
109;General Treatment;GENERAL;system;109
110;General Treatment;GENERAL;system;110
111;General Treatment;GENERAL;system;111
112;General Treatment;GENERAL;system;112
113;General Treatment;GENERAL;system;113
114;General Treatment;GENERAL;system;114
115;General Treatment;GENERAL;system;115
116;General Treatment;GENERAL;system;116
117;General Treatment;GENERAL;system;117
118;General Treatment;GENERAL;system;118
119;General Treatment;GENERAL;system;119
120;General Treatment;GENERAL;system;120
121;General Treatment;GENERAL;system;121
122;General Treatment;GENERAL;system;122
123;General Treatment;GENERAL;system;123
124;General Treatment;GENERAL;system;124
125;General Treatment;GENERAL;system;125
126;General Treatment;GENERAL;system;126
127;General Treatment;GENERAL;system;127
128;General Treatment;GENERAL;system;128
129;General Treatment;GENERAL;system;129
130;General Treatment;GENERAL;system;130
131;General Treatment;GENERAL;system;131
132;General Treatment;GENERAL;system;132
133;General Treatment;GENERAL;system;133
134;General Treatment;GENERAL;system;134
135;General Treatment;GENERAL;system;135
136;General Treatment;GENERAL;system;136
137;General Treatment;GENERAL;system;137
138;General Treatment;GENERAL;system;138
139;General Treatment;GENERAL;system;139
140;General Treatment;GENERAL;system;140
141;General Treatment;GENERAL;system;141
142;General Treatment;GENERAL;system;142
143;General Treatment;GENERAL;system;143
144;General Treatment;GENERAL;system;144
145;General Treatment;GENERAL;system;145
146;General Treatment;GENERAL;system;146
147;General Treatment;GENERAL;system;147
148;General Treatment;GENERAL;system;148
149;General Treatment;GENERAL;system;149
150;General Treatment;GENERAL;system;150
151;General Treatment;GENERAL;system;151
152;General Treatment;GENERAL;system;152
153;General Treatment;GENERAL;system;153
154;General Treatment;GENERAL;system;154
155;General Treatment;GENERAL;system;155
156;General Treatment;GENERAL;system;156
157;General Treatment;GENERAL;system;157
158;General Treatment;GENERAL;system;158
159;General Treatment;GENERAL;system;159
160;General Treatment;GENERAL;system;160
161;General Treatment;GENERAL;system;161
162;General Treatment;GENERAL;system;162
163;General Treatment;GENERAL;system;163
164;General Treatment;GENERAL;system;164
165;General Treatment;GENERAL;system;165
166;General Treatment;GENERAL;system;166
167;General Treatment;GENERAL;system;167
168;General Treatment;GENERAL;system;168
169;General Treatment;GENERAL;system;169
170;General Treatment;GENERAL;system;170
171;General Treatment;GENERAL;system;171
172;General Treatment;GENERAL;system;172
173;General Treatment;GENERAL;system;173
174;General Treatment;GENERAL;system;174
175;General Treatment;GENERAL;system;175
176;General Treatment;GENERAL;system;176
177;General Treatment;GENERAL;system;177
178;General Treatment;GENERAL;system;178
179;General Treatment;GENERAL;system;179
180;General Treatment;GENERAL;system;180
181;General Treatment;GENERAL;system;181
182;General Treatment;GENERAL;system;182
183;General Treatment;GENERAL;system;183
184;General Treatment;GENERAL;system;184
185;General Treatment;GENERAL;system;185
186;General Treatment;GENERAL;system;186
187;General Treatment;GENERAL;system;187
188;General Treatment;GENERAL;system;188
189;General Treatment;GENERAL;system;189
190;General Treatment;GENERAL;system;190
191;General Treatment;GENERAL;system;191
192;General Treatment;GENERAL;system;192
193;General Treatment;GENERAL;system;193
194;General Treatment;GENERAL;system;194
195;General Treatment;GENERAL;system;195
196;General Treatment;GENERAL;system;196
197;General Treatment;GENERAL;system;197
198;General Treatment;GENERAL;system;198
199;General Treatment;GENERAL;system;199
200;General Treatment;GENERAL;system;200
201;General Treatment;GENERAL;system;201
202;General Treatment;GENERAL;system;202
203;General Treatment;GENERAL;system;203
204;General Treatment;GENERAL;system;204
205;General Treatment;GENERAL;system;205
206;General Treatment;GENERAL;system;206
207;General Treatment;GENERAL;system;207
208;General Treatment;GENERAL;system;208
209;General Treatment;GENERAL;system;209
210;General Treatment;GENERAL;system;210
211;General Treatment;GENERAL;system;211
212;General Treatment;GENERAL;system;212
213;General Treatment;GENERAL;system;213
214;General Treatment;GENERAL;system;214
215;General Treatment;GENERAL;system;215
216;General Treatment;GENERAL;system;216
217;General Treatment;GENERAL;system;217
218;General Treatment;GENERAL;system;218
219;General Treatment;GENERAL;system;219
220;General Treatment;GENERAL;system;220
221;General Treatment;GENERAL;system;221
222;General Treatment;GENERAL;system;222
223;General Treatment;GENERAL;system;223
224;General Treatment;GENERAL;system;224
225;General Treatment;GENERAL;system;225
226;General Treatment;GENERAL;system;226
227;General Treatment;GENERAL;system;227
228;General Treatment;GENERAL;system;228
229;General Treatment;GENERAL;system;229
230;General Treatment;GENERAL;system;230
231;General Treatment;GENERAL;system;231
232;General Treatment;GENERAL;system;232
233;General Treatment;GENERAL;system;233
234;General Treatment;GENERAL;system;234
235;General Treatment;GENERAL;system;235
236;General Treatment;GENERAL;system;236
237;General Treatment;GENERAL;system;237
238;General Treatment;GENERAL;system;238
239;General Treatment;GENERAL;system;239
240;General Treatment;GENERAL;system;240
241;General Treatment;GENERAL;system;241
242;General Treatment;GENERAL;system;242
243;General Treatment;GENERAL;system;243
244;General Treatment;GENERAL;system;244
245;General Treatment;GENERAL;system;245
246;General Treatment;GENERAL;system;246
247;General Treatment;GENERAL;system;247
248;General Treatment;GENERAL;system;248
249;General Treatment;GENERAL;system;249
250;General Treatment;GENERAL;system;250
251;General Treatment;GENERAL;system;251
252;General Treatment;GENERAL;system;252
253;General Treatment;GENERAL;system;253
254;General Treatment;GENERAL;system;254
255;General Treatment;GENERAL;system;255
256;General Treatment;GENERAL;system;256
257;General Treatment;GENERAL;system;257
258;General Treatment;GENERAL;system;258
259;General Treatment;GENERAL;system;259
260;General Treatment;GENERAL;system;260
261;General Treatment;GENERAL;system;261
262;General Treatment;GENERAL;system;262
263;General Treatment;GENERAL;system;263
264;General Treatment;GENERAL;system;264
265;General Treatment;GENERAL;system;265
266;General Treatment;GENERAL;system;266
267;General Treatment;GENERAL;system;267
268;General Treatment;GENERAL;system;268
269;General Treatment;GENERAL;system;269
270;General Treatment;GENERAL;system;270
271;General Treatment;GENERAL;system;271
272;General Treatment;GENERAL;system;272
273;General Treatment;GENERAL;system;273
274;General Treatment;GENERAL;system;274
275;General Treatment;GENERAL;system;275
276;General Treatment;GENERAL;system;276
277;General Treatment;GENERAL;system;277
278;General Treatment;GENERAL;system;278
279;General Treatment;GENERAL;system;279
280;General Treatment;GENERAL;system;280
281;General Treatment;GENERAL;system;281
282;General Treatment;GENERAL;system;282
283;General Treatment;GENERAL;system;283
284;General Treatment;GENERAL;system;284
285;General Treatment;GENERAL;system;285
286;General Treatment;GENERAL;system;286
287;General Treatment;GENERAL;system;287
288;General Treatment;GENERAL;system;288
289;General Treatment;GENERAL;system;289
290;General Treatment;GENERAL;system;290
291;General Treatment;GENERAL;system;291
292;General Treatment;GENERAL;system;292
293;General Treatment;GENERAL;system;293
294;General Treatment;GENERAL;system;294
295;General Treatment;GENERAL;system;295
296;General Treatment;GENERAL;system;296
297;General Treatment;GENERAL;system;297
298;General Treatment;GENERAL;system;298
299;General Treatment;GENERAL;system;299
300;General Treatment;GENERAL;system;300
301;General Treatment;GENERAL;system;301
302;General Treatment;GENERAL;system;302
303;General Treatment;GENERAL;system;303
304;General Treatment;GENERAL;system;304
305;General Treatment;GENERAL;system;305
306;General Treatment;GENERAL;system;306
307;General Treatment;GENERAL;system;307
308;General Treatment;GENERAL;system;308
309;General Treatment;GENERAL;system;309
310;General Treatment;GENERAL;system;310
311;General Treatment;GENERAL;system;311
312;General Treatment;GENERAL;system;312
313;General Treatment;GENERAL;system;313
314;General Treatment;GENERAL;system;314
315;General Treatment;GENERAL;system;315
316;General Treatment;GENERAL;system;316
317;General Treatment;GENERAL;system;317
318;General Treatment;GENERAL;system;318
319;General Treatment;GENERAL;system;319
320;General Treatment;GENERAL;system;320
321;General Treatment;GENERAL;system;321
322;General Treatment;GENERAL;system;322
323;General Treatment;GENERAL;system;323
324;General Treatment;GENERAL;system;324
325;General Treatment;GENERAL;system;325
326;General Treatment;GENERAL;system;326
327;General Treatment;GENERAL;system;327
328;General Treatment;GENERAL;system;328
329;General Treatment;GENERAL;system;329
330;General Treatment;GENERAL;system;330
331;General Treatment;GENERAL;system;331
332;General Treatment;GENERAL;system;332
333;General Treatment;GENERAL;system;333
334;General Treatment;GENERAL;system;334
335;General Treatment;GENERAL;system;335
336;General Treatment;GENERAL;system;336
337;General Treatment;GENERAL;system;337
338;General Treatment;GENERAL;system;338
339;General Treatment;GENERAL;system;339
340;General Treatment;GENERAL;system;340
341;General Treatment;GENERAL;system;341
342;General Treatment;GENERAL;system;342
343;General Treatment;GENERAL;system;343
344;General Treatment;GENERAL;system;344
345;General Treatment;GENERAL;system;345
346;General Treatment;GENERAL;system;346
347;General Treatment;GENERAL;system;347
348;General Treatment;GENERAL;system;348
349;General Treatment;GENERAL;system;349
350;General Treatment;GENERAL;system;350
351;General Treatment;GENERAL;system;351
352;General Treatment;GENERAL;system;352
353;General Treatment;GENERAL;system;353
354;General Treatment;GENERAL;system;354
355;General Treatment;GENERAL;system;355
356;General Treatment;GENERAL;system;356
357;General Treatment;GENERAL;system;357
358;General Treatment;GENERAL;system;358
359;General Treatment;GENERAL;system;359
360;General Treatment;GENERAL;system;360
361;General Treatment;GENERAL;system;361
362;General Treatment;GENERAL;system;362
363;General Treatment;GENERAL;system;363
364;General Treatment;GENERAL;system;364
365;General Treatment;GENERAL;system;365
366;General Treatment;GENERAL;system;366
367;General Treatment;GENERAL;system;367
368;General Treatment;GENERAL;system;368
369;General Treatment;GENERAL;system;369
370;General Treatment;GENERAL;system;370
371;General Treatment;GENERAL;system;371
372;General Treatment;GENERAL;system;372
373;General Treatment;GENERAL;system;373
374;General Treatment;GENERAL;system;374
375;General Treatment;GENERAL;system;375
376;General Treatment;GENERAL;system;376
377;General Treatment;GENERAL;system;377
378;General Treatment;GENERAL;system;378
379;General Treatment;GENERAL;system;379
380;General Treatment;GENERAL;system;380
381;General Treatment;GENERAL;system;381
382;General Treatment;GENERAL;system;382
383;General Treatment;GENERAL;system;383
384;General Treatment;GENERAL;system;384
385;General Treatment;GENERAL;system;385
386;General Treatment;GENERAL;system;386
387;General Treatment;GENERAL;system;387
388;General Treatment;GENERAL;system;388
389;General Treatment;GENERAL;system;389
390;General Treatment;GENERAL;system;390
391;General Treatment;GENERAL;system;391
392;General Treatment;GENERAL;system;392
393;General Treatment;GENERAL;system;393
394;General Treatment;GENERAL;system;394
395;General Treatment;GENERAL;system;395
396;General Treatment;GENERAL;system;396
397;General Treatment;GENERAL;system;397
398;General Treatment;GENERAL;system;398
399;General Treatment;GENERAL;system;399
400;General Treatment;GENERAL;system;400
401;General Treatment;GENERAL;system;401
402;General Treatment;GENERAL;system;402
403;General Treatment;GENERAL;system;403
404;General Treatment;GENERAL;system;404
405;General Treatment;GENERAL;system;405
406;General Treatment;GENERAL;system;406
407;General Treatment;GENERAL;system;407
408;General Treatment;GENERAL;system;408
409;General Treatment;GENERAL;system;409
410;General Treatment;GENERAL;system;410
411;General Treatment;GENERAL;system;411
412;General Treatment;GENERAL;system;412
413;General Treatment;GENERAL;system;413
414;General Treatment;GENERAL;system;414
415;General Treatment;GENERAL;system;415
416;General Treatment;GENERAL;system;416
417;General Treatment;GENERAL;system;417
418;General Treatment;GENERAL;system;418
419;General Treatment;GENERAL;system;419
420;General Treatment;GENERAL;system;420
421;General Treatment;GENERAL;system;421
422;General Treatment;GENERAL;system;422
423;General Treatment;GENERAL;system;423
424;General Treatment;GENERAL;system;424
425;General Treatment;GENERAL;system;425
426;General Treatment;GENERAL;system;426
427;General Treatment;GENERAL;system;427
428;General Treatment;GENERAL;system;428
429;General Treatment;GENERAL;system;429
430;General Treatment;GENERAL;system;430
431;General Treatment;GENERAL;system;431
432;General Treatment;GENERAL;system;432
433;General Treatment;GENERAL;system;433
434;General Treatment;GENERAL;system;434
435;General Treatment;GENERAL;system;435
436;General Treatment;GENERAL;system;436
437;General Treatment;GENERAL;system;437
438;General Treatment;GENERAL;system;438
439;General Treatment;GENERAL;system;439
440;General Treatment;GENERAL;system;440
441;General Treatment;GENERAL;system;441
442;General Treatment;GENERAL;system;442
443;General Treatment;GENERAL;system;443
444;General Treatment;GENERAL;system;444
445;General Treatment;GENERAL;system;445
446;General Treatment;GENERAL;system;446
447;General Treatment;GENERAL;system;447
448;General Treatment;GENERAL;system;448
449;General Treatment;GENERAL;system;449
450;General Treatment;GENERAL;system;450
451;General Treatment;GENERAL;system;451
452;General Treatment;GENERAL;system;452
453;General Treatment;GENERAL;system;453
454;General Treatment;GENERAL;system;454
455;General Treatment;GENERAL;system;455
456;General Treatment;GENERAL;system;456
457;General Treatment;GENERAL;system;457
458;General Treatment;GENERAL;system;458
459;General Treatment;GENERAL;system;459
460;General Treatment;GENERAL;system;460
461;General Treatment;GENERAL;system;461
462;General Treatment;GENERAL;system;462
463;General Treatment;GENERAL;system;463
464;General Treatment;GENERAL;system;464
465;General Treatment;GENERAL;system;465
466;General Treatment;GENERAL;system;466
467;General Treatment;GENERAL;system;467
468;General Treatment;GENERAL;system;468
469;General Treatment;GENERAL;system;469
470;General Treatment;GENERAL;system;470
471;General Treatment;GENERAL;system;471
472;General Treatment;GENERAL;system;472
473;General Treatment;GENERAL;system;473
474;General Treatment;GENERAL;system;474
475;General Treatment;GENERAL;system;475
476;General Treatment;GENERAL;system;476
477;General Treatment;GENERAL;system;477
478;General Treatment;GENERAL;system;478
479;General Treatment;GENERAL;system;479
480;General Treatment;GENERAL;system;480
481;General Treatment;GENERAL;system;481
482;General Treatment;GENERAL;system;482
483;General Treatment;GENERAL;system;483
484;General Treatment;GENERAL;system;484
485;General Treatment;GENERAL;system;485
486;General Treatment;GENERAL;system;486
487;General Treatment;GENERAL;system;487
488;General Treatment;GENERAL;system;488
489;General Treatment;GENERAL;system;489
490;General Treatment;GENERAL;system;490
491;General Treatment;GENERAL;system;491
492;General Treatment;GENERAL;system;492
493;General Treatment;GENERAL;system;493
494;General Treatment;GENERAL;system;494
495;General Treatment;GENERAL;system;495
496;General Treatment;GENERAL;system;496
497;General Treatment;GENERAL;system;497
498;General Treatment;GENERAL;system;498
499;General Treatment;GENERAL;system;499
500;General Treatment;GENERAL;system;500
501;General Treatment;GENERAL;system;501
502;General Treatment;GENERAL;system;502
503;General Treatment;GENERAL;system;503
504;General Treatment;GENERAL;system;504
505;General Treatment;GENERAL;system;505
506;General Treatment;GENERAL;system;506
507;General Treatment;GENERAL;system;507
508;General Treatment;GENERAL;system;508
509;General Treatment;GENERAL;system;509
510;General Treatment;GENERAL;system;510
511;General Treatment;GENERAL;system;511
512;General Treatment;GENERAL;system;512
513;General Treatment;GENERAL;system;513
514;General Treatment;GENERAL;system;514
515;General Treatment;GENERAL;system;515
516;General Treatment;GENERAL;system;516
517;General Treatment;GENERAL;system;517
518;General Treatment;GENERAL;system;518
519;General Treatment;GENERAL;system;519
520;General Treatment;GENERAL;system;520
521;General Treatment;GENERAL;system;521
522;General Treatment;GENERAL;system;522
523;General Treatment;GENERAL;system;523
524;General Treatment;GENERAL;system;524
525;General Treatment;GENERAL;system;525
526;General Treatment;GENERAL;system;526
527;General Treatment;GENERAL;system;527
528;General Treatment;GENERAL;system;528
529;General Treatment;GENERAL;system;529
530;General Treatment;GENERAL;system;530
531;General Treatment;GENERAL;system;531
532;General Treatment;GENERAL;system;532
533;General Treatment;GENERAL;system;533
534;General Treatment;GENERAL;system;534
535;General Treatment;GENERAL;system;535
536;General Treatment;GENERAL;system;536
537;General Treatment;GENERAL;system;537
538;General Treatment;GENERAL;system;538
539;General Treatment;GENERAL;system;539
540;General Treatment;GENERAL;system;540
541;General Treatment;GENERAL;system;541
542;General Treatment;GENERAL;system;542
543;General Treatment;GENERAL;system;543
544;General Treatment;GENERAL;system;544
545;General Treatment;GENERAL;system;545
546;General Treatment;GENERAL;system;546
547;General Treatment;GENERAL;system;547
548;General Treatment;GENERAL;system;548
549;General Treatment;GENERAL;system;549
550;General Treatment;GENERAL;system;550
551;General Treatment;GENERAL;system;551
552;General Treatment;GENERAL;system;552
553;General Treatment;GENERAL;system;553
554;General Treatment;GENERAL;system;554
555;General Treatment;GENERAL;system;555
556;General Treatment;GENERAL;system;556
557;General Treatment;GENERAL;system;557
558;General Treatment;GENERAL;system;558
559;General Treatment;GENERAL;system;559
560;General Treatment;GENERAL;system;560
561;General Treatment;GENERAL;system;561
562;General Treatment;GENERAL;system;562
563;General Treatment;GENERAL;system;563
564;General Treatment;GENERAL;system;564
565;General Treatment;GENERAL;system;565
566;General Treatment;GENERAL;system;566
567;General Treatment;GENERAL;system;567
568;General Treatment;GENERAL;system;568
569;General Treatment;GENERAL;system;569
570;General Treatment;GENERAL;system;570
571;General Treatment;GENERAL;system;571
572;General Treatment;GENERAL;system;572
573;General Treatment;GENERAL;system;573
574;General Treatment;GENERAL;system;574
575;General Treatment;GENERAL;system;575
576;General Treatment;GENERAL;system;576
577;General Treatment;GENERAL;system;577
578;General Treatment;GENERAL;system;578
579;General Treatment;GENERAL;system;579
580;General Treatment;GENERAL;system;580
581;General Treatment;GENERAL;system;581
582;General Treatment;GENERAL;system;582
583;General Treatment;GENERAL;system;583
584;General Treatment;GENERAL;system;584
585;General Treatment;GENERAL;system;585
586;General Treatment;GENERAL;system;586
587;General Treatment;GENERAL;system;587
588;General Treatment;GENERAL;system;588
589;General Treatment;GENERAL;system;589
590;General Treatment;GENERAL;system;590
591;General Treatment;GENERAL;system;591
592;General Treatment;GENERAL;system;592
593;General Treatment;GENERAL;system;593
594;General Treatment;GENERAL;system;594
595;General Treatment;GENERAL;system;595
596;General Treatment;GENERAL;system;596
597;General Treatment;GENERAL;system;597
598;General Treatment;GENERAL;system;598
599;General Treatment;GENERAL;system;599
600;General Treatment;GENERAL;system;600
601;General Treatment;GENERAL;system;601
602;General Treatment;GENERAL;system;602
603;General Treatment;GENERAL;system;603
604;General Treatment;GENERAL;system;604
605;General Treatment;GENERAL;system;605
606;General Treatment;GENERAL;system;606
607;General Treatment;GENERAL;system;607
608;General Treatment;GENERAL;system;608
609;General Treatment;GENERAL;system;609
610;General Treatment;GENERAL;system;610
611;General Treatment;GENERAL;system;611
612;General Treatment;GENERAL;system;612
613;General Treatment;GENERAL;system;613
614;General Treatment;GENERAL;system;614
615;General Treatment;GENERAL;system;615
616;General Treatment;GENERAL;system;616
617;General Treatment;GENERAL;system;617
618;General Treatment;GENERAL;system;618
619;General Treatment;GENERAL;system;619
620;General Treatment;GENERAL;system;620
621;General Treatment;GENERAL;system;621
622;General Treatment;GENERAL;system;622
623;General Treatment;GENERAL;system;623
624;General Treatment;GENERAL;system;624
625;General Treatment;GENERAL;system;625
626;General Treatment;GENERAL;system;626
627;General Treatment;GENERAL;system;627
628;General Treatment;GENERAL;system;628
629;General Treatment;GENERAL;system;629
630;General Treatment;GENERAL;system;630
631;General Treatment;GENERAL;system;631
632;General Treatment;GENERAL;system;632
633;General Treatment;GENERAL;system;633
634;General Treatment;GENERAL;system;634
635;General Treatment;GENERAL;system;635
636;General Treatment;GENERAL;system;636
637;General Treatment;GENERAL;system;637
638;General Treatment;GENERAL;system;638
639;General Treatment;GENERAL;system;639
640;General Treatment;GENERAL;system;640
641;General Treatment;GENERAL;system;641
642;General Treatment;GENERAL;system;642
643;General Treatment;GENERAL;system;643
644;General Treatment;GENERAL;system;644
645;General Treatment;GENERAL;system;645
646;General Treatment;GENERAL;system;646
647;General Treatment;GENERAL;system;647
648;General Treatment;GENERAL;system;648
649;General Treatment;GENERAL;system;649
650;General Treatment;GENERAL;system;650
651;General Treatment;GENERAL;system;651
652;General Treatment;GENERAL;system;652
653;General Treatment;GENERAL;system;653
654;General Treatment;GENERAL;system;654
655;General Treatment;GENERAL;system;655
656;General Treatment;GENERAL;system;656
657;General Treatment;GENERAL;system;657
658;General Treatment;GENERAL;system;658
659;General Treatment;GENERAL;system;659
660;General Treatment;GENERAL;system;660
661;General Treatment;GENERAL;system;661
662;General Treatment;GENERAL;system;662
663;General Treatment;GENERAL;system;663
664;General Treatment;GENERAL;system;664
665;General Treatment;GENERAL;system;665
666;General Treatment;GENERAL;system;666
667;General Treatment;GENERAL;system;667
668;General Treatment;GENERAL;system;668
669;General Treatment;GENERAL;system;669
670;General Treatment;GENERAL;system;670
671;General Treatment;GENERAL;system;671
672;General Treatment;GENERAL;system;672
673;General Treatment;GENERAL;system;673
674;General Treatment;GENERAL;system;674
675;General Treatment;GENERAL;system;675
676;General Treatment;GENERAL;system;676
677;General Treatment;GENERAL;system;677
678;General Treatment;GENERAL;system;678
679;General Treatment;GENERAL;system;679
680;General Treatment;GENERAL;system;680
681;General Treatment;GENERAL;system;681
682;General Treatment;GENERAL;system;682
683;General Treatment;GENERAL;system;683
684;General Treatment;GENERAL;system;684
685;General Treatment;GENERAL;system;685
686;General Treatment;GENERAL;system;686
687;General Treatment;GENERAL;system;687
688;General Treatment;GENERAL;system;688
689;General Treatment;GENERAL;system;689
690;General Treatment;GENERAL;system;690
691;General Treatment;GENERAL;system;691
692;General Treatment;GENERAL;system;692
693;General Treatment;GENERAL;system;693
694;General Treatment;GENERAL;system;694
695;General Treatment;GENERAL;system;695
696;General Treatment;GENERAL;system;696
697;General Treatment;GENERAL;system;697
698;General Treatment;GENERAL;system;698
699;General Treatment;GENERAL;system;699
700;General Treatment;GENERAL;system;700
701;General Treatment;GENERAL;system;701
702;General Treatment;GENERAL;system;702
703;General Treatment;GENERAL;system;703
704;General Treatment;GENERAL;system;704
705;General Treatment;GENERAL;system;705
706;General Treatment;GENERAL;system;706
707;General Treatment;GENERAL;system;707
708;General Treatment;GENERAL;system;708
709;General Treatment;GENERAL;system;709
710;General Treatment;GENERAL;system;710
711;General Treatment;GENERAL;system;711
712;General Treatment;GENERAL;system;712
713;General Treatment;GENERAL;system;713
714;General Treatment;GENERAL;system;714
715;General Treatment;GENERAL;system;715
716;General Treatment;GENERAL;system;716
717;General Treatment;GENERAL;system;717
718;General Treatment;GENERAL;system;718
719;General Treatment;GENERAL;system;719
720;General Treatment;GENERAL;system;720
721;General Treatment;GENERAL;system;721
722;General Treatment;GENERAL;system;722
723;General Treatment;GENERAL;system;723
724;General Treatment;GENERAL;system;724
725;General Treatment;GENERAL;system;725
726;General Treatment;GENERAL;system;726
727;General Treatment;GENERAL;system;727
728;General Treatment;GENERAL;system;728
729;General Treatment;GENERAL;system;729
730;General Treatment;GENERAL;system;730
731;General Treatment;GENERAL;system;731
732;General Treatment;GENERAL;system;732
733;General Treatment;GENERAL;system;733
734;General Treatment;GENERAL;system;734
735;General Treatment;GENERAL;system;735
736;General Treatment;GENERAL;system;736
737;General Treatment;GENERAL;system;737
738;General Treatment;GENERAL;system;738
739;General Treatment;GENERAL;system;739
740;General Treatment;GENERAL;system;740
741;General Treatment;GENERAL;system;741
742;General Treatment;GENERAL;system;742
743;General Treatment;GENERAL;system;743
744;General Treatment;GENERAL;system;744
745;General Treatment;GENERAL;system;745
746;General Treatment;GENERAL;system;746
747;General Treatment;GENERAL;system;747
748;General Treatment;GENERAL;system;748
749;General Treatment;GENERAL;system;749
750;General Treatment;GENERAL;system;750
751;General Treatment;GENERAL;system;751
752;General Treatment;GENERAL;system;752
753;General Treatment;GENERAL;system;753
754;General Treatment;GENERAL;system;754
755;General Treatment;GENERAL;system;755
756;General Treatment;GENERAL;system;756
757;General Treatment;GENERAL;system;757
758;General Treatment;GENERAL;system;758
759;General Treatment;GENERAL;system;759
760;General Treatment;GENERAL;system;760
761;General Treatment;GENERAL;system;761
762;General Treatment;GENERAL;system;762
763;General Treatment;GENERAL;system;763
764;General Treatment;GENERAL;system;764
765;General Treatment;GENERAL;system;765
766;General Treatment;GENERAL;system;766
767;General Treatment;GENERAL;system;767
768;General Treatment;GENERAL;system;768
769;General Treatment;GENERAL;system;769
770;General Treatment;GENERAL;system;770
771;General Treatment;GENERAL;system;771
772;General Treatment;GENERAL;system;772
773;General Treatment;GENERAL;system;773
774;General Treatment;GENERAL;system;774
775;General Treatment;GENERAL;system;775
776;General Treatment;GENERAL;system;776
777;General Treatment;GENERAL;system;777
778;General Treatment;GENERAL;system;778
779;General Treatment;GENERAL;system;779
780;General Treatment;GENERAL;system;780
781;General Treatment;GENERAL;system;781
782;General Treatment;GENERAL;system;782
783;General Treatment;GENERAL;system;783
784;General Treatment;GENERAL;system;784
785;General Treatment;GENERAL;system;785
786;General Treatment;GENERAL;system;786
787;General Treatment;GENERAL;system;787
788;General Treatment;GENERAL;system;788
789;General Treatment;GENERAL;system;789
790;General Treatment;GENERAL;system;790
791;General Treatment;GENERAL;system;791
792;General Treatment;GENERAL;system;792
793;General Treatment;GENERAL;system;793
794;General Treatment;GENERAL;system;794
795;General Treatment;GENERAL;system;795
796;General Treatment;GENERAL;system;796
797;General Treatment;GENERAL;system;797
798;General Treatment;GENERAL;system;798
799;General Treatment;GENERAL;system;799
800;General Treatment;GENERAL;system;800
801;General Treatment;GENERAL;system;801
802;General Treatment;GENERAL;system;802
803;General Treatment;GENERAL;system;803
804;General Treatment;GENERAL;system;804
805;General Treatment;GENERAL;system;805
806;General Treatment;GENERAL;system;806
807;General Treatment;GENERAL;system;807
808;General Treatment;GENERAL;system;808
809;General Treatment;GENERAL;system;809
810;General Treatment;GENERAL;system;810
811;General Treatment;GENERAL;system;811
812;General Treatment;GENERAL;system;812
813;General Treatment;GENERAL;system;813
814;General Treatment;GENERAL;system;814
815;General Treatment;GENERAL;system;815
816;General Treatment;GENERAL;system;816
817;General Treatment;GENERAL;system;817
818;General Treatment;GENERAL;system;818
819;General Treatment;GENERAL;system;819
820;General Treatment;GENERAL;system;820
821;General Treatment;GENERAL;system;821
822;General Treatment;GENERAL;system;822
823;General Treatment;GENERAL;system;823
824;General Treatment;GENERAL;system;824
825;General Treatment;GENERAL;system;825
826;General Treatment;GENERAL;system;826
827;General Treatment;GENERAL;system;827
828;General Treatment;GENERAL;system;828
829;General Treatment;GENERAL;system;829
830;General Treatment;GENERAL;system;830
831;General Treatment;GENERAL;system;831
832;General Treatment;GENERAL;system;832
833;General Treatment;GENERAL;system;833
834;General Treatment;GENERAL;system;834
835;General Treatment;GENERAL;system;835
836;General Treatment;GENERAL;system;836
837;General Treatment;GENERAL;system;837
838;General Treatment;GENERAL;system;838
839;General Treatment;GENERAL;system;839
840;General Treatment;GENERAL;system;840
841;General Treatment;GENERAL;system;841
842;General Treatment;GENERAL;system;842
843;General Treatment;GENERAL;system;843
844;General Treatment;GENERAL;system;844
845;General Treatment;GENERAL;system;845
846;General Treatment;GENERAL;system;846
847;General Treatment;GENERAL;system;847
848;General Treatment;GENERAL;system;848
849;General Treatment;GENERAL;system;849
850;General Treatment;GENERAL;system;850
851;General Treatment;GENERAL;system;851
852;General Treatment;GENERAL;system;852
853;General Treatment;GENERAL;system;853
854;General Treatment;GENERAL;system;854
855;General Treatment;GENERAL;system;855
856;General Treatment;GENERAL;system;856
857;General Treatment;GENERAL;system;857
858;General Treatment;GENERAL;system;858
859;General Treatment;GENERAL;system;859
860;General Treatment;GENERAL;system;860
861;General Treatment;GENERAL;system;861
862;General Treatment;GENERAL;system;862
863;General Treatment;GENERAL;system;863
864;General Treatment;GENERAL;system;864
865;General Treatment;GENERAL;system;865
866;General Treatment;GENERAL;system;866
867;General Treatment;GENERAL;system;867
868;General Treatment;GENERAL;system;868
869;General Treatment;GENERAL;system;869
870;General Treatment;GENERAL;system;870
871;General Treatment;GENERAL;system;871
872;General Treatment;GENERAL;system;872
873;General Treatment;GENERAL;system;873
874;General Treatment;GENERAL;system;874
875;General Treatment;GENERAL;system;875
876;General Treatment;GENERAL;system;876
877;General Treatment;GENERAL;system;877
878;General Treatment;GENERAL;system;878
879;General Treatment;GENERAL;system;879
880;General Treatment;GENERAL;system;880
881;General Treatment;GENERAL;system;881
882;General Treatment;GENERAL;system;882
883;General Treatment;GENERAL;system;883
884;General Treatment;GENERAL;system;884
885;General Treatment;GENERAL;system;885
886;General Treatment;GENERAL;system;886
887;General Treatment;GENERAL;system;887
888;General Treatment;GENERAL;system;888
889;General Treatment;GENERAL;system;889
890;General Treatment;GENERAL;system;890
891;General Treatment;GENERAL;system;891
892;General Treatment;GENERAL;system;892
893;General Treatment;GENERAL;system;893
894;General Treatment;GENERAL;system;894
895;General Treatment;GENERAL;system;895
896;General Treatment;GENERAL;system;896
897;General Treatment;GENERAL;system;897
898;General Treatment;GENERAL;system;898
899;General Treatment;GENERAL;system;899
900;General Treatment;GENERAL;system;900
901;General Treatment;GENERAL;system;901
902;General Treatment;GENERAL;system;902
903;General Treatment;GENERAL;system;903
904;General Treatment;GENERAL;system;904
905;General Treatment;GENERAL;system;905
906;General Treatment;GENERAL;system;906
907;General Treatment;GENERAL;system;907
908;General Treatment;GENERAL;system;908
909;General Treatment;GENERAL;system;909
910;General Treatment;GENERAL;system;910
911;General Treatment;GENERAL;system;911
912;General Treatment;GENERAL;system;912
913;General Treatment;GENERAL;system;913
914;General Treatment;GENERAL;system;914
915;General Treatment;GENERAL;system;915
916;General Treatment;GENERAL;system;916
917;General Treatment;GENERAL;system;917
918;General Treatment;GENERAL;system;918
919;General Treatment;GENERAL;system;919
920;General Treatment;GENERAL;system;920
921;General Treatment;GENERAL;system;921
922;General Treatment;GENERAL;system;922
923;General Treatment;GENERAL;system;923
924;General Treatment;GENERAL;system;924
925;General Treatment;GENERAL;system;925
926;General Treatment;GENERAL;system;926
927;General Treatment;GENERAL;system;927
928;General Treatment;GENERAL;system;928
929;General Treatment;GENERAL;system;929
930;General Treatment;GENERAL;system;930
931;General Treatment;GENERAL;system;931
932;General Treatment;GENERAL;system;932
933;General Treatment;GENERAL;system;933
934;General Treatment;GENERAL;system;934
935;General Treatment;GENERAL;system;935
936;General Treatment;GENERAL;system;936
937;General Treatment;GENERAL;system;937
938;General Treatment;GENERAL;system;938
939;General Treatment;GENERAL;system;939
940;General Treatment;GENERAL;system;940
941;General Treatment;GENERAL;system;941
942;General Treatment;GENERAL;system;942
943;General Treatment;GENERAL;system;943
944;General Treatment;GENERAL;system;944
945;General Treatment;GENERAL;system;945
946;General Treatment;GENERAL;system;946
947;General Treatment;GENERAL;system;947
948;General Treatment;GENERAL;system;948
949;General Treatment;GENERAL;system;949
950;General Treatment;GENERAL;system;950
951;General Treatment;GENERAL;system;951
952;General Treatment;GENERAL;system;952
953;General Treatment;GENERAL;system;953
954;General Treatment;GENERAL;system;954
955;General Treatment;GENERAL;system;955
956;General Treatment;GENERAL;system;956
957;General Treatment;GENERAL;system;957
958;General Treatment;GENERAL;system;958
959;General Treatment;GENERAL;system;959
960;General Treatment;GENERAL;system;960
961;General Treatment;GENERAL;system;961
962;General Treatment;GENERAL;system;962
963;General Treatment;GENERAL;system;963
964;General Treatment;GENERAL;system;964
965;General Treatment;GENERAL;system;965
966;General Treatment;GENERAL;system;966
967;General Treatment;GENERAL;system;967
968;General Treatment;GENERAL;system;968
969;General Treatment;GENERAL;system;969
970;General Treatment;GENERAL;system;970
971;General Treatment;GENERAL;system;971
972;General Treatment;GENERAL;system;972
973;General Treatment;GENERAL;system;973
974;General Treatment;GENERAL;system;974
975;General Treatment;GENERAL;system;975
976;General Treatment;GENERAL;system;976
977;General Treatment;GENERAL;system;977
978;General Treatment;GENERAL;system;978
979;General Treatment;GENERAL;system;979
980;General Treatment;GENERAL;system;980
981;General Treatment;GENERAL;system;981
982;General Treatment;GENERAL;system;982
983;General Treatment;GENERAL;system;983
984;General Treatment;GENERAL;system;984
985;General Treatment;GENERAL;system;985
986;General Treatment;GENERAL;system;986
987;General Treatment;GENERAL;system;987
988;General Treatment;GENERAL;system;988
989;General Treatment;GENERAL;system;989
990;General Treatment;GENERAL;system;990
991;General Treatment;GENERAL;system;991
992;General Treatment;GENERAL;system;992
993;General Treatment;GENERAL;system;993
994;General Treatment;GENERAL;system;994
995;General Treatment;GENERAL;system;995
996;General Treatment;GENERAL;system;996
997;General Treatment;GENERAL;system;997
998;General Treatment;GENERAL;system;998
999;General Treatment;GENERAL;system;999
1000;General Treatment;GENERAL;system;1000
1001;General Treatment;GENERAL;system;1001
1002;General Treatment;GENERAL;system;1002
1003;General Treatment;GENERAL;system;1003
1004;General Treatment;GENERAL;system;1004
1005;General Treatment;GENERAL;system;1005
1006;General Treatment;GENERAL;system;1006
1007;General Treatment;GENERAL;system;1007
1008;General Treatment;GENERAL;system;1008
1009;General Treatment;GENERAL;system;1009
1010;General Treatment;GENERAL;system;1010
1011;General Treatment;GENERAL;system;1011
1012;General Treatment;GENERAL;system;1012
1013;General Treatment;GENERAL;system;1013
1014;General Treatment;GENERAL;system;1014
1015;General Treatment;GENERAL;system;1015
1016;General Treatment;GENERAL;system;1016
1017;General Treatment;GENERAL;system;1017
1018;General Treatment;GENERAL;system;1018
1019;General Treatment;GENERAL;system;1019
1020;General Treatment;GENERAL;system;1020
1021;General Treatment;GENERAL;system;1021
1022;General Treatment;GENERAL;system;1022
1023;General Treatment;GENERAL;system;1023
1024;General Treatment;GENERAL;system;1024
1025;General Treatment;GENERAL;system;1025
1026;General Treatment;GENERAL;system;1026
1027;General Treatment;GENERAL;system;1027
1028;General Treatment;GENERAL;system;1028
1029;General Treatment;GENERAL;system;1029
1030;General Treatment;GENERAL;system;1030
1031;General Treatment;GENERAL;system;1031
1032;General Treatment;GENERAL;system;1032
1033;General Treatment;GENERAL;system;1033
1034;General Treatment;GENERAL;system;1034
1035;General Treatment;GENERAL;system;1035
1036;General Treatment;GENERAL;system;1036
1037;General Treatment;GENERAL;system;1037
1038;General Treatment;GENERAL;system;1038
1039;General Treatment;GENERAL;system;1039
1040;General Treatment;GENERAL;system;1040
1041;General Treatment;GENERAL;system;1041
1042;General Treatment;GENERAL;system;1042
1043;General Treatment;GENERAL;system;1043
1044;General Treatment;GENERAL;system;1044
1045;General Treatment;GENERAL;system;1045
1046;General Treatment;GENERAL;system;1046
1047;General Treatment;GENERAL;system;1047
1048;General Treatment;GENERAL;system;1048
1049;General Treatment;GENERAL;system;1049
1050;General Treatment;GENERAL;system;1050
1051;General Treatment;GENERAL;system;1051
1052;General Treatment;GENERAL;system;1052
1053;General Treatment;GENERAL;system;1053
1054;General Treatment;GENERAL;system;1054
1055;General Treatment;GENERAL;system;1055
1056;General Treatment;GENERAL;system;1056
1057;General Treatment;GENERAL;system;1057
1058;General Treatment;GENERAL;system;1058
1059;General Treatment;GENERAL;system;1059
1060;General Treatment;GENERAL;system;1060
1061;General Treatment;GENERAL;system;1061
1062;General Treatment;GENERAL;system;1062
1063;General Treatment;GENERAL;system;1063
1064;General Treatment;GENERAL;system;1064
1065;General Treatment;GENERAL;system;1065
1066;General Treatment;GENERAL;system;1066
1067;General Treatment;GENERAL;system;1067
1068;General Treatment;GENERAL;system;1068
1069;General Treatment;GENERAL;system;1069
1070;General Treatment;GENERAL;system;1070
1071;General Treatment;GENERAL;system;1071
1072;General Treatment;GENERAL;system;1072
1073;General Treatment;GENERAL;system;1073
1074;General Treatment;GENERAL;system;1074
1075;General Treatment;GENERAL;system;1075
1076;General Treatment;GENERAL;system;1076
1077;General Treatment;GENERAL;system;1077
1078;General Treatment;GENERAL;system;1078
1079;General Treatment;GENERAL;system;1079
1080;General Treatment;GENERAL;system;1080
1081;General Treatment;GENERAL;system;1081
1082;General Treatment;GENERAL;system;1082
1083;General Treatment;GENERAL;system;1083
1084;General Treatment;GENERAL;system;1084
1085;General Treatment;GENERAL;system;1085
1086;General Treatment;GENERAL;system;1086
1087;General Treatment;GENERAL;system;1087
1088;General Treatment;GENERAL;system;1088
1089;General Treatment;GENERAL;system;1089
1090;General Treatment;GENERAL;system;1090
1091;General Treatment;GENERAL;system;1091
1092;General Treatment;GENERAL;system;1092
1093;General Treatment;GENERAL;system;1093
1094;General Treatment;GENERAL;system;1094
1095;General Treatment;GENERAL;system;1095
1096;General Treatment;GENERAL;system;1096
1097;General Treatment;GENERAL;system;1097
1098;General Treatment;GENERAL;system;1098
1099;General Treatment;GENERAL;system;1099
1100;General Treatment;GENERAL;system;1100
1101;General Treatment;GENERAL;system;1101
1102;General Treatment;GENERAL;system;1102
1103;General Treatment;GENERAL;system;1103
1104;General Treatment;GENERAL;system;1104
1105;General Treatment;GENERAL;system;1105
1106;General Treatment;GENERAL;system;1106
1107;General Treatment;GENERAL;system;1107
1108;General Treatment;GENERAL;system;1108
1109;General Treatment;GENERAL;system;1109
1110;General Treatment;GENERAL;system;1110
1111;General Treatment;GENERAL;system;1111
1112;General Treatment;GENERAL;system;1112
1113;General Treatment;GENERAL;system;1113
1114;General Treatment;GENERAL;system;1114
1115;General Treatment;GENERAL;system;1115
1116;General Treatment;GENERAL;system;1116
1117;General Treatment;GENERAL;system;1117
1118;General Treatment;GENERAL;system;1118
1119;General Treatment;GENERAL;system;1119
1120;General Treatment;GENERAL;system;1120
1121;General Treatment;GENERAL;system;1121
1122;General Treatment;GENERAL;system;1122
1123;General Treatment;GENERAL;system;1123
1124;General Treatment;GENERAL;system;1124
1125;General Treatment;GENERAL;system;1125
1126;General Treatment;GENERAL;system;1126
1127;General Treatment;GENERAL;system;1127
1128;General Treatment;GENERAL;system;1128
1129;General Treatment;GENERAL;system;1129
1130;General Treatment;GENERAL;system;1130
1131;General Treatment;GENERAL;system;1131
1132;General Treatment;GENERAL;system;1132
1133;General Treatment;GENERAL;system;1133
1134;General Treatment;GENERAL;system;1134
1135;General Treatment;GENERAL;system;1135
1136;General Treatment;GENERAL;system;1136
1137;General Treatment;GENERAL;system;1137
1138;General Treatment;GENERAL;system;1138
1139;General Treatment;GENERAL;system;1139
1140;General Treatment;GENERAL;system;1140
1141;General Treatment;GENERAL;system;1141
1142;General Treatment;GENERAL;system;1142
1143;General Treatment;GENERAL;system;1143
1144;General Treatment;GENERAL;system;1144
1145;General Treatment;GENERAL;system;1145
1146;General Treatment;GENERAL;system;1146
1147;General Treatment;GENERAL;system;1147
1148;General Treatment;GENERAL;system;1148
1149;General Treatment;GENERAL;system;1149
1150;General Treatment;GENERAL;system;1150
1151;General Treatment;GENERAL;system;1151
1152;General Treatment;GENERAL;system;1152
1153;General Treatment;GENERAL;system;1153
1154;General Treatment;GENERAL;system;1154
1155;General Treatment;GENERAL;system;1155
1156;General Treatment;GENERAL;system;1156
1157;General Treatment;GENERAL;system;1157
1158;General Treatment;GENERAL;system;1158
1159;General Treatment;GENERAL;system;1159
1160;General Treatment;GENERAL;system;1160
1161;General Treatment;GENERAL;system;1161
1162;General Treatment;GENERAL;system;1162
1163;General Treatment;GENERAL;system;1163
1164;General Treatment;GENERAL;system;1164
1165;General Treatment;GENERAL;system;1165
1166;General Treatment;GENERAL;system;1166
1167;General Treatment;GENERAL;system;1167
1168;General Treatment;GENERAL;system;1168
1169;General Treatment;GENERAL;system;1169
1170;General Treatment;GENERAL;system;1170
1171;General Treatment;GENERAL;system;1171
1172;General Treatment;GENERAL;system;1172
1173;General Treatment;GENERAL;system;1173
1174;General Treatment;GENERAL;system;1174
1175;General Treatment;GENERAL;system;1175
1176;General Treatment;GENERAL;system;1176
1177;General Treatment;GENERAL;system;1177
1178;General Treatment;GENERAL;system;1178
1179;General Treatment;GENERAL;system;1179
1180;General Treatment;GENERAL;system;1180
1181;General Treatment;GENERAL;system;1181
1182;General Treatment;GENERAL;system;1182
1183;General Treatment;GENERAL;system;1183
1184;General Treatment;GENERAL;system;1184
1185;General Treatment;GENERAL;system;1185
1186;General Treatment;GENERAL;system;1186
1187;General Treatment;GENERAL;system;1187
1188;General Treatment;GENERAL;system;1188
1189;General Treatment;GENERAL;system;1189
1190;General Treatment;GENERAL;system;1190
1191;General Treatment;GENERAL;system;1191
1192;General Treatment;GENERAL;system;1192
1193;General Treatment;GENERAL;system;1193
1194;General Treatment;GENERAL;system;1194
1195;General Treatment;GENERAL;system;1195
1196;General Treatment;GENERAL;system;1196
1197;General Treatment;GENERAL;system;1197
1198;General Treatment;GENERAL;system;1198
1199;General Treatment;GENERAL;system;1199
1200;General Treatment;GENERAL;system;1200
1201;General Treatment;GENERAL;system;1201
1202;General Treatment;GENERAL;system;1202
1203;General Treatment;GENERAL;system;1203
1204;General Treatment;GENERAL;system;1204
1205;General Treatment;GENERAL;system;1205
1206;General Treatment;GENERAL;system;1206
1207;General Treatment;GENERAL;system;1207
1208;General Treatment;GENERAL;system;1208
1209;General Treatment;GENERAL;system;1209
1210;General Treatment;GENERAL;system;1210
1211;General Treatment;GENERAL;system;1211
1212;General Treatment;GENERAL;system;1212
1213;General Treatment;GENERAL;system;1213
1214;General Treatment;GENERAL;system;1214
1215;General Treatment;GENERAL;system;1215
1216;General Treatment;GENERAL;system;1216
1217;General Treatment;GENERAL;system;1217
1218;General Treatment;GENERAL;system;1218
1219;General Treatment;GENERAL;system;1219
1220;General Treatment;GENERAL;system;1220
1221;General Treatment;GENERAL;system;1221
1222;General Treatment;GENERAL;system;1222
1223;General Treatment;GENERAL;system;1223
1224;General Treatment;GENERAL;system;1224
1225;General Treatment;GENERAL;system;1225
1226;General Treatment;GENERAL;system;1226
1227;General Treatment;GENERAL;system;1227
1228;General Treatment;GENERAL;system;1228
1229;General Treatment;GENERAL;system;1229
1230;General Treatment;GENERAL;system;1230
1231;General Treatment;GENERAL;system;1231
1232;General Treatment;GENERAL;system;1232
1233;General Treatment;GENERAL;system;1233
1234;General Treatment;GENERAL;system;1234
1235;General Treatment;GENERAL;system;1235
1236;General Treatment;GENERAL;system;1236
1237;General Treatment;GENERAL;system;1237
1238;General Treatment;GENERAL;system;1238
1239;General Treatment;GENERAL;system;1239
1240;General Treatment;GENERAL;system;1240
1241;General Treatment;GENERAL;system;1241
1242;General Treatment;GENERAL;system;1242
1243;General Treatment;GENERAL;system;1243
1244;General Treatment;GENERAL;system;1244
1245;General Treatment;GENERAL;system;1245
1246;General Treatment;GENERAL;system;1246
1247;General Treatment;GENERAL;system;1247
1248;General Treatment;GENERAL;system;1248
1249;General Treatment;GENERAL;system;1249
1250;General Treatment;GENERAL;system;1250
1251;General Treatment;GENERAL;system;1251
1252;General Treatment;GENERAL;system;1252
1253;General Treatment;GENERAL;system;1253
1254;General Treatment;GENERAL;system;1254
1255;General Treatment;GENERAL;system;1255
1256;General Treatment;GENERAL;system;1256
1257;General Treatment;GENERAL;system;1257
1258;General Treatment;GENERAL;system;1258
1259;General Treatment;GENERAL;system;1259
1260;General Treatment;GENERAL;system;1260
1261;General Treatment;GENERAL;system;1261
1262;General Treatment;GENERAL;system;1262
1263;General Treatment;GENERAL;system;1263
1264;General Treatment;GENERAL;system;1264
1265;General Treatment;GENERAL;system;1265
1266;General Treatment;GENERAL;system;1266
1267;General Treatment;GENERAL;system;1267
1268;General Treatment;GENERAL;system;1268
1269;General Treatment;GENERAL;system;1269
1270;General Treatment;GENERAL;system;1270
1271;General Treatment;GENERAL;system;1271
1272;General Treatment;GENERAL;system;1272
1273;General Treatment;GENERAL;system;1273
1274;General Treatment;GENERAL;system;1274
1275;General Treatment;GENERAL;system;1275
1276;General Treatment;GENERAL;system;1276
1277;General Treatment;GENERAL;system;1277
1278;General Treatment;GENERAL;system;1278
1279;General Treatment;GENERAL;system;1279
1280;General Treatment;GENERAL;system;1280
1281;General Treatment;GENERAL;system;1281
1282;General Treatment;GENERAL;system;1282
1283;General Treatment;GENERAL;system;1283
1284;General Treatment;GENERAL;system;1284
1285;General Treatment;GENERAL;system;1285
1286;General Treatment;GENERAL;system;1286
1287;General Treatment;GENERAL;system;1287
1288;General Treatment;GENERAL;system;1288
1289;General Treatment;GENERAL;system;1289
1290;General Treatment;GENERAL;system;1290
1291;General Treatment;GENERAL;system;1291
1292;General Treatment;GENERAL;system;1292
1293;General Treatment;GENERAL;system;1293
1294;General Treatment;GENERAL;system;1294
1295;General Treatment;GENERAL;system;1295
1296;General Treatment;GENERAL;system;1296
1297;General Treatment;GENERAL;system;1297
1298;General Treatment;GENERAL;system;1298
1299;General Treatment;GENERAL;system;1299
1300;General Treatment;GENERAL;system;1300
1301;General Treatment;GENERAL;system;1301
1302;General Treatment;GENERAL;system;1302
1303;General Treatment;GENERAL;system;1303
1304;General Treatment;GENERAL;system;1304
1305;General Treatment;GENERAL;system;1305
1306;General Treatment;GENERAL;system;1306
1307;General Treatment;GENERAL;system;1307
1308;General Treatment;GENERAL;system;1308
1309;General Treatment;GENERAL;system;1309
1310;General Treatment;GENERAL;system;1310
1311;General Treatment;GENERAL;system;1311
1312;General Treatment;GENERAL;system;1312
1313;General Treatment;GENERAL;system;1313
1314;General Treatment;GENERAL;system;1314
1315;General Treatment;GENERAL;system;1315
1316;General Treatment;GENERAL;system;1316
1317;General Treatment;GENERAL;system;1317
1318;General Treatment;GENERAL;system;1318
1319;General Treatment;GENERAL;system;1319
1320;General Treatment;GENERAL;system;1320
1321;General Treatment;GENERAL;system;1321
1322;General Treatment;GENERAL;system;1322
1323;General Treatment;GENERAL;system;1323
1324;General Treatment;GENERAL;system;1324
1325;General Treatment;GENERAL;system;1325
1326;General Treatment;GENERAL;system;1326
1327;General Treatment;GENERAL;system;1327
1328;General Treatment;GENERAL;system;1328
1329;General Treatment;GENERAL;system;1329
1330;General Treatment;GENERAL;system;1330
1331;General Treatment;GENERAL;system;1331
1332;General Treatment;GENERAL;system;1332
1333;General Treatment;GENERAL;system;1333
1334;General Treatment;GENERAL;system;1334
1335;General Treatment;GENERAL;system;1335
1336;General Treatment;GENERAL;system;1336
1337;General Treatment;GENERAL;system;1337
1338;General Treatment;GENERAL;system;1338
1339;General Treatment;GENERAL;system;1339
1340;General Treatment;GENERAL;system;1340
1341;General Treatment;GENERAL;system;1341
1342;General Treatment;GENERAL;system;1342
1343;General Treatment;GENERAL;system;1343
1344;General Treatment;GENERAL;system;1344
1345;General Treatment;GENERAL;system;1345
1346;General Treatment;GENERAL;system;1346
1347;General Treatment;GENERAL;system;1347
1348;General Treatment;GENERAL;system;1348
1349;General Treatment;GENERAL;system;1349
1350;General Treatment;GENERAL;system;1350
1351;General Treatment;GENERAL;system;1351
1352;General Treatment;GENERAL;system;1352
1353;General Treatment;GENERAL;system;1353
1354;General Treatment;GENERAL;system;1354
1355;General Treatment;GENERAL;system;1355
1356;General Treatment;GENERAL;system;1356
1357;General Treatment;GENERAL;system;1357
1358;General Treatment;GENERAL;system;1358
1359;General Treatment;GENERAL;system;1359
1360;General Treatment;GENERAL;system;1360
1361;General Treatment;GENERAL;system;1361
1362;General Treatment;GENERAL;system;1362
1363;General Treatment;GENERAL;system;1363
1364;General Treatment;GENERAL;system;1364
1365;General Treatment;GENERAL;system;1365
1366;General Treatment;GENERAL;system;1366
1367;General Treatment;GENERAL;system;1367
1368;General Treatment;GENERAL;system;1368
1369;General Treatment;GENERAL;system;1369
1370;General Treatment;GENERAL;system;1370
1371;General Treatment;GENERAL;system;1371
1372;General Treatment;GENERAL;system;1372
1373;General Treatment;GENERAL;system;1373
1374;General Treatment;GENERAL;system;1374
1375;General Treatment;GENERAL;system;1375
1376;General Treatment;GENERAL;system;1376
1377;General Treatment;GENERAL;system;1377
1378;General Treatment;GENERAL;system;1378
1379;General Treatment;GENERAL;system;1379
1380;General Treatment;GENERAL;system;1380
1381;General Treatment;GENERAL;system;1381
1382;General Treatment;GENERAL;system;1382
1383;General Treatment;GENERAL;system;1383
1384;General Treatment;GENERAL;system;1384
1385;General Treatment;GENERAL;system;1385
1386;General Treatment;GENERAL;system;1386
1387;General Treatment;GENERAL;system;1387
1388;General Treatment;GENERAL;system;1388
1389;General Treatment;GENERAL;system;1389
1390;General Treatment;GENERAL;system;1390
1391;General Treatment;GENERAL;system;1391
1392;General Treatment;GENERAL;system;1392
1393;General Treatment;GENERAL;system;1393
1394;General Treatment;GENERAL;system;1394
1395;General Treatment;GENERAL;system;1395
1396;General Treatment;GENERAL;system;1396
1397;General Treatment;GENERAL;system;1397
1398;General Treatment;GENERAL;system;1398
1399;General Treatment;GENERAL;system;1399
1400;General Treatment;GENERAL;system;1400
1401;General Treatment;GENERAL;system;1401
1402;General Treatment;GENERAL;system;1402
1403;General Treatment;GENERAL;system;1403
1404;General Treatment;GENERAL;system;1404
1405;General Treatment;GENERAL;system;1405
1406;General Treatment;GENERAL;system;1406
1407;General Treatment;GENERAL;system;1407
1408;General Treatment;GENERAL;system;1408
1409;General Treatment;GENERAL;system;1409
1410;General Treatment;GENERAL;system;1410
1411;General Treatment;GENERAL;system;1411
1412;General Treatment;GENERAL;system;1412
1413;General Treatment;GENERAL;system;1413
1414;General Treatment;GENERAL;system;1414
1415;General Treatment;GENERAL;system;1415
1416;General Treatment;GENERAL;system;1416
1417;General Treatment;GENERAL;system;1417
1418;General Treatment;GENERAL;system;1418
1419;General Treatment;GENERAL;system;1419
1420;General Treatment;GENERAL;system;1420
1421;General Treatment;GENERAL;system;1421
1422;General Treatment;GENERAL;system;1422
1423;General Treatment;GENERAL;system;1423
1424;General Treatment;GENERAL;system;1424
1425;General Treatment;GENERAL;system;1425
1426;General Treatment;GENERAL;system;1426
1427;General Treatment;GENERAL;system;1427
1428;General Treatment;GENERAL;system;1428
1429;General Treatment;GENERAL;system;1429
1430;General Treatment;GENERAL;system;1430
1431;General Treatment;GENERAL;system;1431
1432;General Treatment;GENERAL;system;1432
1433;General Treatment;GENERAL;system;1433
1434;General Treatment;GENERAL;system;1434
1435;General Treatment;GENERAL;system;1435
1436;General Treatment;GENERAL;system;1436
1437;General Treatment;GENERAL;system;1437
1438;General Treatment;GENERAL;system;1438
1439;General Treatment;GENERAL;system;1439
1440;General Treatment;GENERAL;system;1440
1441;General Treatment;GENERAL;system;1441
1442;General Treatment;GENERAL;system;1442
1443;General Treatment;GENERAL;system;1443
1444;General Treatment;GENERAL;system;1444
1445;General Treatment;GENERAL;system;1445
1446;General Treatment;GENERAL;system;1446
1447;General Treatment;GENERAL;system;1447
1448;General Treatment;GENERAL;system;1448
1449;General Treatment;GENERAL;system;1449
1450;General Treatment;GENERAL;system;1450
1451;General Treatment;GENERAL;system;1451
1452;General Treatment;GENERAL;system;1452
1453;General Treatment;GENERAL;system;1453
1454;General Treatment;GENERAL;system;1454
1455;General Treatment;GENERAL;system;1455
1456;General Treatment;GENERAL;system;1456
1457;General Treatment;GENERAL;system;1457
1458;General Treatment;GENERAL;system;1458
1459;General Treatment;GENERAL;system;1459
1460;General Treatment;GENERAL;system;1460
1461;General Treatment;GENERAL;system;1461
1462;General Treatment;GENERAL;system;1462
1463;General Treatment;GENERAL;system;1463
1464;General Treatment;GENERAL;system;1464
1465;General Treatment;GENERAL;system;1465
1466;General Treatment;GENERAL;system;1466
1467;General Treatment;GENERAL;system;1467
1468;General Treatment;GENERAL;system;1468
1469;General Treatment;GENERAL;system;1469
1470;General Treatment;GENERAL;system;1470
1471;General Treatment;GENERAL;system;1471
1472;General Treatment;GENERAL;system;1472
1473;General Treatment;GENERAL;system;1473
1474;General Treatment;GENERAL;system;1474
1475;General Treatment;GENERAL;system;1475
1476;General Treatment;GENERAL;system;1476
1477;General Treatment;GENERAL;system;1477
1478;General Treatment;GENERAL;system;1478
1479;General Treatment;GENERAL;system;1479
1480;General Treatment;GENERAL;system;1480
1481;General Treatment;GENERAL;system;1481
1482;General Treatment;GENERAL;system;1482
1483;General Treatment;GENERAL;system;1483
1484;General Treatment;GENERAL;system;1484
1485;General Treatment;GENERAL;system;1485
1486;General Treatment;GENERAL;system;1486
1487;General Treatment;GENERAL;system;1487
1488;General Treatment;GENERAL;system;1488
1489;General Treatment;GENERAL;system;1489
1490;General Treatment;GENERAL;system;1490
1491;General Treatment;GENERAL;system;1491
1492;General Treatment;GENERAL;system;1492
1493;General Treatment;GENERAL;system;1493
1494;General Treatment;GENERAL;system;1494
1495;General Treatment;GENERAL;system;1495
1496;General Treatment;GENERAL;system;1496
1497;General Treatment;GENERAL;system;1497
1498;General Treatment;GENERAL;system;1498
1499;General Treatment;GENERAL;system;1499
1500;General Treatment;GENERAL;system;1500
1501;General Treatment;GENERAL;system;1501
1502;General Treatment;GENERAL;system;1502
1503;General Treatment;GENERAL;system;1503
1504;General Treatment;GENERAL;system;1504
1505;General Treatment;GENERAL;system;1505
1506;General Treatment;GENERAL;system;1506
1507;General Treatment;GENERAL;system;1507
1508;General Treatment;GENERAL;system;1508
1509;General Treatment;GENERAL;system;1509
1510;General Treatment;GENERAL;system;1510
1511;General Treatment;GENERAL;system;1511
1512;General Treatment;GENERAL;system;1512
1513;General Treatment;GENERAL;system;1513
1514;General Treatment;GENERAL;system;1514
1515;General Treatment;GENERAL;system;1515
1516;General Treatment;GENERAL;system;1516
1517;General Treatment;GENERAL;system;1517
1518;General Treatment;GENERAL;system;1518
1519;General Treatment;GENERAL;system;1519
1520;General Treatment;GENERAL;system;1520
1521;General Treatment;GENERAL;system;1521
1522;General Treatment;GENERAL;system;1522
1523;General Treatment;GENERAL;system;1523
1524;General Treatment;GENERAL;system;1524
1525;General Treatment;GENERAL;system;1525
1526;General Treatment;GENERAL;system;1526
1527;General Treatment;GENERAL;system;1527
1528;General Treatment;GENERAL;system;1528
1529;General Treatment;GENERAL;system;1529
1530;General Treatment;GENERAL;system;1530
1531;General Treatment;GENERAL;system;1531
1532;General Treatment;GENERAL;system;1532
1533;General Treatment;GENERAL;system;1533
1534;General Treatment;GENERAL;system;1534
1535;General Treatment;GENERAL;system;1535
1536;General Treatment;GENERAL;system;1536
1537;General Treatment;GENERAL;system;1537
1538;General Treatment;GENERAL;system;1538
1539;General Treatment;GENERAL;system;1539
1540;General Treatment;GENERAL;system;1540
1541;General Treatment;GENERAL;system;1541
1542;General Treatment;GENERAL;system;1542
1543;General Treatment;GENERAL;system;1543
1544;General Treatment;GENERAL;system;1544
1545;General Treatment;GENERAL;system;1545
1546;General Treatment;GENERAL;system;1546
1547;General Treatment;GENERAL;system;1547
1548;General Treatment;GENERAL;system;1548
1549;General Treatment;GENERAL;system;1549
1550;General Treatment;GENERAL;system;1550
1551;General Treatment;GENERAL;system;1551
1552;General Treatment;GENERAL;system;1552
1553;General Treatment;GENERAL;system;1553
1554;General Treatment;GENERAL;system;1554
1555;General Treatment;GENERAL;system;1555
1556;General Treatment;GENERAL;system;1556
1557;General Treatment;GENERAL;system;1557
1558;General Treatment;GENERAL;system;1558
1559;General Treatment;GENERAL;system;1559
1560;General Treatment;GENERAL;system;1560
1561;General Treatment;GENERAL;system;1561
1562;General Treatment;GENERAL;system;1562
1563;General Treatment;GENERAL;system;1563
1564;General Treatment;GENERAL;system;1564
1565;General Treatment;GENERAL;system;1565
1566;General Treatment;GENERAL;system;1566
1567;General Treatment;GENERAL;system;1567
1568;General Treatment;GENERAL;system;1568
1569;General Treatment;GENERAL;system;1569
1570;General Treatment;GENERAL;system;1570
1571;General Treatment;GENERAL;system;1571
1572;General Treatment;GENERAL;system;1572
1573;General Treatment;GENERAL;system;1573
1574;General Treatment;GENERAL;system;1574
1575;General Treatment;GENERAL;system;1575
1576;General Treatment;GENERAL;system;1576
1577;General Treatment;GENERAL;system;1577
1578;General Treatment;GENERAL;system;1578
1579;General Treatment;GENERAL;system;1579
1580;General Treatment;GENERAL;system;1580
1581;General Treatment;GENERAL;system;1581
1582;General Treatment;GENERAL;system;1582
1583;General Treatment;GENERAL;system;1583
1584;General Treatment;GENERAL;system;1584
1585;General Treatment;GENERAL;system;1585
1586;General Treatment;GENERAL;system;1586
1587;General Treatment;GENERAL;system;1587
1588;General Treatment;GENERAL;system;1588
1589;General Treatment;GENERAL;system;1589
1590;General Treatment;GENERAL;system;1590
1591;General Treatment;GENERAL;system;1591
1592;General Treatment;GENERAL;system;1592
1593;General Treatment;GENERAL;system;1593
1594;General Treatment;GENERAL;system;1594
1595;General Treatment;GENERAL;system;1595
1596;General Treatment;GENERAL;system;1596
1597;General Treatment;GENERAL;system;1597
1598;General Treatment;GENERAL;system;1598
1599;General Treatment;GENERAL;system;1599
1600;General Treatment;GENERAL;system;1600
1601;General Treatment;GENERAL;system;1601
1602;General Treatment;GENERAL;system;1602
1603;General Treatment;GENERAL;system;1603
1604;General Treatment;GENERAL;system;1604
1605;General Treatment;GENERAL;system;1605
1606;General Treatment;GENERAL;system;1606
1607;General Treatment;GENERAL;system;1607
1608;General Treatment;GENERAL;system;1608
1609;General Treatment;GENERAL;system;1609
1610;General Treatment;GENERAL;system;1610
1611;General Treatment;GENERAL;system;1611
1612;General Treatment;GENERAL;system;1612
1613;General Treatment;GENERAL;system;1613
1614;General Treatment;GENERAL;system;1614
1615;General Treatment;GENERAL;system;1615
1616;General Treatment;GENERAL;system;1616
1617;General Treatment;GENERAL;system;1617
1618;General Treatment;GENERAL;system;1618
1619;General Treatment;GENERAL;system;1619
1620;General Treatment;GENERAL;system;1620
1621;General Treatment;GENERAL;system;1621
1622;General Treatment;GENERAL;system;1622
1623;General Treatment;GENERAL;system;1623
1624;General Treatment;GENERAL;system;1624
1625;General Treatment;GENERAL;system;1625
1626;General Treatment;GENERAL;system;1626
1627;General Treatment;GENERAL;system;1627
1628;General Treatment;GENERAL;system;1628
1629;General Treatment;GENERAL;system;1629
1630;General Treatment;GENERAL;system;1630
1631;General Treatment;GENERAL;system;1631
1632;General Treatment;GENERAL;system;1632
1633;General Treatment;GENERAL;system;1633
1634;General Treatment;GENERAL;system;1634
1635;General Treatment;GENERAL;system;1635
1636;General Treatment;GENERAL;system;1636
1637;General Treatment;GENERAL;system;1637
1638;General Treatment;GENERAL;system;1638
1639;General Treatment;GENERAL;system;1639
1640;General Treatment;GENERAL;system;1640
1641;General Treatment;GENERAL;system;1641
1642;General Treatment;GENERAL;system;1642
1643;General Treatment;GENERAL;system;1643
1644;General Treatment;GENERAL;system;1644
1645;General Treatment;GENERAL;system;1645
1646;General Treatment;GENERAL;system;1646
1647;General Treatment;GENERAL;system;1647
1648;General Treatment;GENERAL;system;1648
1649;General Treatment;GENERAL;system;1649
1650;General Treatment;GENERAL;system;1650
1651;General Treatment;GENERAL;system;1651
1652;General Treatment;GENERAL;system;1652
1653;General Treatment;GENERAL;system;1653
1654;General Treatment;GENERAL;system;1654
1655;General Treatment;GENERAL;system;1655
1656;General Treatment;GENERAL;system;1656
1657;General Treatment;GENERAL;system;1657
1658;General Treatment;GENERAL;system;1658
1659;General Treatment;GENERAL;system;1659
1660;General Treatment;GENERAL;system;1660
1661;General Treatment;GENERAL;system;1661
1662;General Treatment;GENERAL;system;1662
1663;General Treatment;GENERAL;system;1663
1664;General Treatment;GENERAL;system;1664
1665;General Treatment;GENERAL;system;1665
1666;General Treatment;GENERAL;system;1666
1667;General Treatment;GENERAL;system;1667
1668;General Treatment;GENERAL;system;1668
1669;General Treatment;GENERAL;system;1669
1670;General Treatment;GENERAL;system;1670
1671;General Treatment;GENERAL;system;1671
1672;General Treatment;GENERAL;system;1672
1673;General Treatment;GENERAL;system;1673
1674;General Treatment;GENERAL;system;1674
1675;General Treatment;GENERAL;system;1675
1676;General Treatment;GENERAL;system;1676
1677;General Treatment;GENERAL;system;1677
1678;General Treatment;GENERAL;system;1678
1679;General Treatment;GENERAL;system;1679
1680;General Treatment;GENERAL;system;1680
1681;General Treatment;GENERAL;system;1681
1682;General Treatment;GENERAL;system;1682
1683;General Treatment;GENERAL;system;1683
1684;General Treatment;GENERAL;system;1684
1685;General Treatment;GENERAL;system;1685
1686;General Treatment;GENERAL;system;1686
1687;General Treatment;GENERAL;system;1687
1688;General Treatment;GENERAL;system;1688
1689;General Treatment;GENERAL;system;1689
1690;General Treatment;GENERAL;system;1690
1691;General Treatment;GENERAL;system;1691
1692;General Treatment;GENERAL;system;1692
1693;General Treatment;GENERAL;system;1693
1694;General Treatment;GENERAL;system;1694
1695;General Treatment;GENERAL;system;1695
1696;General Treatment;GENERAL;system;1696
1697;General Treatment;GENERAL;system;1697
1698;General Treatment;GENERAL;system;1698
1699;General Treatment;GENERAL;system;1699
1700;General Treatment;GENERAL;system;1700
1701;General Treatment;GENERAL;system;1701
1702;General Treatment;GENERAL;system;1702
1703;General Treatment;GENERAL;system;1703
1704;General Treatment;GENERAL;system;1704
1705;General Treatment;GENERAL;system;1705
1706;General Treatment;GENERAL;system;1706
1707;General Treatment;GENERAL;system;1707
1708;General Treatment;GENERAL;system;1708
1709;General Treatment;GENERAL;system;1709
1710;General Treatment;GENERAL;system;1710
1711;General Treatment;GENERAL;system;1711
1712;General Treatment;GENERAL;system;1712
1713;General Treatment;GENERAL;system;1713
1714;General Treatment;GENERAL;system;1714
1715;General Treatment;GENERAL;system;1715
1716;General Treatment;GENERAL;system;1716
1717;General Treatment;GENERAL;system;1717
1718;General Treatment;GENERAL;system;1718
1719;General Treatment;GENERAL;system;1719
1720;General Treatment;GENERAL;system;1720
1721;General Treatment;GENERAL;system;1721
1722;General Treatment;GENERAL;system;1722
1723;General Treatment;GENERAL;system;1723
1724;General Treatment;GENERAL;system;1724
1725;General Treatment;GENERAL;system;1725
1726;General Treatment;GENERAL;system;1726
1727;General Treatment;GENERAL;system;1727
1728;General Treatment;GENERAL;system;1728
1729;General Treatment;GENERAL;system;1729
1730;General Treatment;GENERAL;system;1730
1731;General Treatment;GENERAL;system;1731
1732;General Treatment;GENERAL;system;1732
1733;General Treatment;GENERAL;system;1733
1734;General Treatment;GENERAL;system;1734
1735;General Treatment;GENERAL;system;1735
1736;General Treatment;GENERAL;system;1736
1737;General Treatment;GENERAL;system;1737
1738;General Treatment;GENERAL;system;1738
1739;General Treatment;GENERAL;system;1739
1740;General Treatment;GENERAL;system;1740
1741;General Treatment;GENERAL;system;1741
1742;General Treatment;GENERAL;system;1742
1743;General Treatment;GENERAL;system;1743
1744;General Treatment;GENERAL;system;1744
1745;General Treatment;GENERAL;system;1745
1746;General Treatment;GENERAL;system;1746
1747;General Treatment;GENERAL;system;1747
1748;General Treatment;GENERAL;system;1748
1749;General Treatment;GENERAL;system;1749
1750;General Treatment;GENERAL;system;1750
1751;General Treatment;GENERAL;system;1751
1752;General Treatment;GENERAL;system;1752
1753;General Treatment;GENERAL;system;1753
1754;General Treatment;GENERAL;system;1754
1755;General Treatment;GENERAL;system;1755
1756;General Treatment;GENERAL;system;1756
1757;General Treatment;GENERAL;system;1757
1758;General Treatment;GENERAL;system;1758
1759;General Treatment;GENERAL;system;1759
1760;General Treatment;GENERAL;system;1760
1761;General Treatment;GENERAL;system;1761
1762;General Treatment;GENERAL;system;1762
1763;General Treatment;GENERAL;system;1763
1764;General Treatment;GENERAL;system;1764
1765;General Treatment;GENERAL;system;1765
1766;General Treatment;GENERAL;system;1766
1767;General Treatment;GENERAL;system;1767
1768;General Treatment;GENERAL;system;1768
1769;General Treatment;GENERAL;system;1769
1770;General Treatment;GENERAL;system;1770
1771;General Treatment;GENERAL;system;1771
1772;General Treatment;GENERAL;system;1772
1773;General Treatment;GENERAL;system;1773
1774;General Treatment;GENERAL;system;1774
1775;General Treatment;GENERAL;system;1775
1776;General Treatment;GENERAL;system;1776
1777;General Treatment;GENERAL;system;1777
1778;General Treatment;GENERAL;system;1778
1779;General Treatment;GENERAL;system;1779
1780;General Treatment;GENERAL;system;1780
1781;General Treatment;GENERAL;system;1781
1782;General Treatment;GENERAL;system;1782
1783;General Treatment;GENERAL;system;1783
1784;General Treatment;GENERAL;system;1784
1785;General Treatment;GENERAL;system;1785
1786;General Treatment;GENERAL;system;1786
1787;General Treatment;GENERAL;system;1787
1788;General Treatment;GENERAL;system;1788
1789;General Treatment;GENERAL;system;1789
1790;General Treatment;GENERAL;system;1790
1791;General Treatment;GENERAL;system;1791
1792;General Treatment;GENERAL;system;1792
1793;General Treatment;GENERAL;system;1793
1794;General Treatment;GENERAL;system;1794
1795;General Treatment;GENERAL;system;1795
1796;General Treatment;GENERAL;system;1796
1797;General Treatment;GENERAL;system;1797
1798;General Treatment;GENERAL;system;1798
1799;General Treatment;GENERAL;system;1799
1800;General Treatment;GENERAL;system;1800
1801;General Treatment;GENERAL;system;1801
1802;General Treatment;GENERAL;system;1802
1803;General Treatment;GENERAL;system;1803
1804;General Treatment;GENERAL;system;1804
1805;General Treatment;GENERAL;system;1805
1806;General Treatment;GENERAL;system;1806
1807;General Treatment;GENERAL;system;1807
1808;General Treatment;GENERAL;system;1808
1809;General Treatment;GENERAL;system;1809
1810;General Treatment;GENERAL;system;1810
1811;General Treatment;GENERAL;system;1811
1812;General Treatment;GENERAL;system;1812
1813;General Treatment;GENERAL;system;1813
1814;General Treatment;GENERAL;system;1814
1815;General Treatment;GENERAL;system;1815
1816;General Treatment;GENERAL;system;1816
1817;General Treatment;GENERAL;system;1817
1818;General Treatment;GENERAL;system;1818
1819;General Treatment;GENERAL;system;1819
1820;General Treatment;GENERAL;system;1820
1821;General Treatment;GENERAL;system;1821
1822;General Treatment;GENERAL;system;1822
1823;General Treatment;GENERAL;system;1823
1824;General Treatment;GENERAL;system;1824
1825;General Treatment;GENERAL;system;1825
1826;General Treatment;GENERAL;system;1826
1827;General Treatment;GENERAL;system;1827
1828;General Treatment;GENERAL;system;1828
1829;General Treatment;GENERAL;system;1829
1830;General Treatment;GENERAL;system;1830
1831;General Treatment;GENERAL;system;1831
1832;General Treatment;GENERAL;system;1832
1833;General Treatment;GENERAL;system;1833
1834;General Treatment;GENERAL;system;1834
1835;General Treatment;GENERAL;system;1835
1836;General Treatment;GENERAL;system;1836
1837;General Treatment;GENERAL;system;1837
1838;General Treatment;GENERAL;system;1838
1839;General Treatment;GENERAL;system;1839
1840;General Treatment;GENERAL;system;1840
1841;General Treatment;GENERAL;system;1841
1842;General Treatment;GENERAL;system;1842
1843;General Treatment;GENERAL;system;1843
1844;General Treatment;GENERAL;system;1844
1845;General Treatment;GENERAL;system;1845
1846;General Treatment;GENERAL;system;1846
1847;General Treatment;GENERAL;system;1847
1848;General Treatment;GENERAL;system;1848
1849;General Treatment;GENERAL;system;1849
1850;General Treatment;GENERAL;system;1850
1851;General Treatment;GENERAL;system;1851
1852;General Treatment;GENERAL;system;1852
1853;General Treatment;GENERAL;system;1853
1854;General Treatment;GENERAL;system;1854
1855;General Treatment;GENERAL;system;1855
1856;General Treatment;GENERAL;system;1856
1857;General Treatment;GENERAL;system;1857
1858;General Treatment;GENERAL;system;1858
1859;General Treatment;GENERAL;system;1859
1860;General Treatment;GENERAL;system;1860
1861;General Treatment;GENERAL;system;1861
1862;General Treatment;GENERAL;system;1862
1863;General Treatment;GENERAL;system;1863
1864;General Treatment;GENERAL;system;1864
1865;General Treatment;GENERAL;system;1865
1866;General Treatment;GENERAL;system;1866
1867;General Treatment;GENERAL;system;1867
1868;General Treatment;GENERAL;system;1868
1869;General Treatment;GENERAL;system;1869
1870;General Treatment;GENERAL;system;1870
1871;General Treatment;GENERAL;system;1871
1872;General Treatment;GENERAL;system;1872
1873;General Treatment;GENERAL;system;1873
1874;General Treatment;GENERAL;system;1874
1875;General Treatment;GENERAL;system;1875
1876;General Treatment;GENERAL;system;1876
1877;General Treatment;GENERAL;system;1877
1878;General Treatment;GENERAL;system;1878
1879;General Treatment;GENERAL;system;1879
1880;General Treatment;GENERAL;system;1880
1881;General Treatment;GENERAL;system;1881
1882;General Treatment;GENERAL;system;1882
1883;General Treatment;GENERAL;system;1883
1884;General Treatment;GENERAL;system;1884
1885;General Treatment;GENERAL;system;1885
1886;General Treatment;GENERAL;system;1886
1887;General Treatment;GENERAL;system;1887
1888;General Treatment;GENERAL;system;1888
1889;General Treatment;GENERAL;system;1889
1890;General Treatment;GENERAL;system;1890
1891;General Treatment;GENERAL;system;1891
1892;General Treatment;GENERAL;system;1892
1893;General Treatment;GENERAL;system;1893
1894;General Treatment;GENERAL;system;1894
1895;General Treatment;GENERAL;system;1895
1896;General Treatment;GENERAL;system;1896
1897;General Treatment;GENERAL;system;1897
1898;General Treatment;GENERAL;system;1898
1899;General Treatment;GENERAL;system;1899
1900;General Treatment;GENERAL;system;1900
1901;General Treatment;GENERAL;system;1901
1902;General Treatment;GENERAL;system;1902
1903;General Treatment;GENERAL;system;1903
1904;General Treatment;GENERAL;system;1904
1905;General Treatment;GENERAL;system;1905
1906;General Treatment;GENERAL;system;1906
1907;General Treatment;GENERAL;system;1907
1908;General Treatment;GENERAL;system;1908
1909;General Treatment;GENERAL;system;1909
1910;General Treatment;GENERAL;system;1910
1911;General Treatment;GENERAL;system;1911
1912;General Treatment;GENERAL;system;1912
1913;General Treatment;GENERAL;system;1913
1914;General Treatment;GENERAL;system;1914
1915;General Treatment;GENERAL;system;1915
1916;General Treatment;GENERAL;system;1916
1917;General Treatment;GENERAL;system;1917
1918;General Treatment;GENERAL;system;1918
1919;General Treatment;GENERAL;system;1919
1920;General Treatment;GENERAL;system;1920
1921;General Treatment;GENERAL;system;1921
1922;General Treatment;GENERAL;system;1922
1923;General Treatment;GENERAL;system;1923
1924;General Treatment;GENERAL;system;1924
1925;General Treatment;GENERAL;system;1925
1926;General Treatment;GENERAL;system;1926
1927;General Treatment;GENERAL;system;1927
1928;General Treatment;GENERAL;system;1928
1929;General Treatment;GENERAL;system;1929
1930;General Treatment;GENERAL;system;1930
1931;General Treatment;GENERAL;system;1931
1932;General Treatment;GENERAL;system;1932
1933;General Treatment;GENERAL;system;1933
1934;General Treatment;GENERAL;system;1934
1935;General Treatment;GENERAL;system;1935
1936;General Treatment;GENERAL;system;1936
1937;General Treatment;GENERAL;system;1937
1938;General Treatment;GENERAL;system;1938
1939;General Treatment;GENERAL;system;1939
1940;General Treatment;GENERAL;system;1940
1941;General Treatment;GENERAL;system;1941
1942;General Treatment;GENERAL;system;1942
1943;General Treatment;GENERAL;system;1943
1944;General Treatment;GENERAL;system;1944
1945;General Treatment;GENERAL;system;1945
1946;General Treatment;GENERAL;system;1946
1947;General Treatment;GENERAL;system;1947
1948;General Treatment;GENERAL;system;1948
1949;General Treatment;GENERAL;system;1949
1950;General Treatment;GENERAL;system;1950
1951;General Treatment;GENERAL;system;1951
1952;General Treatment;GENERAL;system;1952
1953;General Treatment;GENERAL;system;1953
1954;General Treatment;GENERAL;system;1954
1955;General Treatment;GENERAL;system;1955
1956;General Treatment;GENERAL;system;1956
1957;General Treatment;GENERAL;system;1957
1958;General Treatment;GENERAL;system;1958
1959;General Treatment;GENERAL;system;1959
1960;General Treatment;GENERAL;system;1960
1961;General Treatment;GENERAL;system;1961
1962;General Treatment;GENERAL;system;1962
1963;General Treatment;GENERAL;system;1963
1964;General Treatment;GENERAL;system;1964
1965;General Treatment;GENERAL;system;1965
1966;General Treatment;GENERAL;system;1966
1967;General Treatment;GENERAL;system;1967
1968;General Treatment;GENERAL;system;1968
1969;General Treatment;GENERAL;system;1969
1970;General Treatment;GENERAL;system;1970
1971;General Treatment;GENERAL;system;1971
1972;General Treatment;GENERAL;system;1972
1973;General Treatment;GENERAL;system;1973
1974;General Treatment;GENERAL;system;1974
1975;General Treatment;GENERAL;system;1975
1976;General Treatment;GENERAL;system;1976
1977;General Treatment;GENERAL;system;1977
1978;General Treatment;GENERAL;system;1978
1979;General Treatment;GENERAL;system;1979
1980;General Treatment;GENERAL;system;1980
1981;General Treatment;GENERAL;system;1981
1982;General Treatment;GENERAL;system;1982
1983;General Treatment;GENERAL;system;1983
1984;General Treatment;GENERAL;system;1984
1985;General Treatment;GENERAL;system;1985
1986;General Treatment;GENERAL;system;1986
1987;General Treatment;GENERAL;system;1987
1988;General Treatment;GENERAL;system;1988
1989;General Treatment;GENERAL;system;1989
1990;General Treatment;GENERAL;system;1990
1991;General Treatment;GENERAL;system;1991
1992;General Treatment;GENERAL;system;1992
1993;General Treatment;GENERAL;system;1993
1994;General Treatment;GENERAL;system;1994
1995;General Treatment;GENERAL;system;1995
1996;General Treatment;GENERAL;system;1996
1997;General Treatment;GENERAL;system;1997
1998;General Treatment;GENERAL;system;1998
1999;General Treatment;GENERAL;system;1999
2000;General Treatment;GENERAL;system;2000
